"sample","marker_taxonomy","tpm","num_reads"
"A_heterognathus_BEC338","d__Bacteria",1182.296355,12
"A_heterognathus_BEC338","d__Bacteria;p__Bacillota;c__Clostridia;o__Lachnospirales;f__Lachnospiraceae",578.876488,79
"A_heterognathus_BEC338","d__Bacteria",866.071129,51
"A_heterognathus_BEC338","d__Bacteria;p__Bacillota;c__Clostridia",734.547422,15
"A_heterognathus_BEC338","d__Bacteria",1688.217708,13
"A_heterognathus_BEC338","d__Bacteria;p__Bacillota;c__Clostridia;o__Lachnospirales;f__Lachnospiraceae",649.727974,30
"A_heterognathus_BEC338","d__Bacteria;p__Bacillota;c__Clostridia",517.431243,61
"A_heterognathus_BEC338","d__Bacteria",1822.588007,19
"A_heterognathus_BEC338","d__Bacteria;p__Bacillota;c__Clostridia;o__Lachnospirales;f__Lachnospiraceae",1168.766106,9
"A_heterognathus_BEC338","d__Bacteria;p__Bacillota;c__Clostridia;o__Lachnospirales;f__Lachnospiraceae",555.841475,34
"A_heterognathus_BEC338","d__Bacteria;p__Fibrobacterota;c__Chitinivibrionia;o__Chitinivibrionales;f__Chitinispirillaceae",799.28864,67
"A_heterognathus_BEC338","d__Bacteria;p__Bacillota;c__Clostridia;o__Lachnospirales;f__Lachnospiraceae",573.999323,89
"A_laurensis_BEC8","d__Bacteria;p__Bacillota;c__Clostridia;o__Oscillospirales;f__Ruminococcaceae;g__Ruminiclostridium_E",1885.789385,12
"A_laurensis_BEC8","d__Bacteria;p__Bacillota;c__Clostridia;o__Oscillospirales",854.760628,14
"A_obeuntis_BEC335","d__Bacteria;p__Bacillota;c__Clostridia;o__Oscillospirales;f__Oscillospiraceae",2342.764208,21
"A_obeuntis_BEC335","d__Bacteria;p__Bacillota;c__Clostridia;o__Oscillospirales;f__Oscillospiraceae;g__WRMH01",2200.034902,26
"A_obeuntis_BEC335","d__Bacteria",1871.969229,19
"A_obeuntis_BEC335","d__Bacteria;p__Bacillota;c__Clostridia;o__Oscillospirales;f__Oscillospiraceae",801.620524,80
"A_obeuntis_BEC335","d__Bacteria;p__Pseudomonadota;c__Gammaproteobacteria;o__Burkholderiales;f__Rhodocyclaceae",1037.989028,120
"A_obeuntis_BEC335","d__Bacteria;p__Pseudomonadota;c__Gammaproteobacteria;o__Burkholderiales",2176.504843,13
"A_obeuntis_BEC335","d__Bacteria;p__Bacillota;c__Clostridia",1809.614395,97.418
"A_obeuntis_BEC335","d__Bacteria;p__Bacillota;c__Clostridia;o__Oscillospirales;f__Oscillospiraceae",1314.99348,47
"A_obeuntis_BEC335","d__Bacteria;p__Bacillota;c__Clostridia;o__Oscillospirales;f__Oscillospiraceae;g__WRMH01",868.422449,5
"A_obeuntis_BEC335","d__Bacteria",868.422449,5
"A_obeuntis_BEC335","d__Bacteria;p__Bacillota;c__Clostridia;o__Oscillospirales;f__Oscillospiraceae;g__WRMH01",868.422449,5
"A_obeuntis_BEC335","d__Bacteria",868.422449,5
"A_obeuntis_BEC335","d__Bacteria",1796.771337,19
"A_obeuntis_BEC335","d__Bacteria;p__Pseudomonadota;c__Gammaproteobacteria;o__Burkholderiales;f__Rhodocyclaceae;g__Azovibrio",4504.170496,17
"A_obeuntis_BEC335","d__Bacteria;p__Pseudomonadota;c__Gammaproteobacteria;o__Burkholderiales",4504.170496,17
"A_obeuntis_BEC335","d__Bacteria;p__Pseudomonadota;c__Gammaproteobacteria;o__Burkholderiales;f__Rhodocyclaceae",1440.91708,36
"A_obeuntis_BEC335","d__Bacteria;p__Bacillota;c__Clostridia;o__Oscillospirales;f__Oscillospiraceae;g__WRMH01",1339.119264,28
"A_obeuntis_BEC335","d__Bacteria",1339.119264,28
"A_obeuntis_BEC335","d__Bacteria;p__Bacillota;c__Clostridia;o__Oscillospirales;f__Oscillospiraceae",1008.319328,195.293
"A_obeuntis_BEC335","d__Bacteria",2680.45451,21
"A_obeuntis_BEC335","d__Bacteria",1269.148181,11
"A_obeuntis_BEC335","d__Bacteria;p__Pseudomonadota;c__Gammaproteobacteria;o__Burkholderiales;f__Rhodocyclaceae",1269.148181,11
"A_obeuntis_BEC335","d__Bacteria;p__Pseudomonadota;c__Gammaproteobacteria;o__Burkholderiales;f__Rhodocyclaceae",2306.501988,21
"A_obeuntis_BEC335","d__Bacteria",2306.501988,21
"A_obeuntis_BEC335","d__Bacteria;p__Pseudomonadota;c__Gammaproteobacteria;o__Burkholderiales;f__Rhodocyclaceae;g__Azovibrio",1605.882959,25
"A_obeuntis_BEC335","d__Bacteria;p__Pseudomonadota;c__Gammaproteobacteria;o__Burkholderiales;f__Rhodocyclaceae",1605.882959,25
"A_obeuntis_BEC337","d__Bacteria;p__Spirochaetota;c__Spirochaetia;o__Treponematales;f__Breznakiellaceae",1279.285184,28
"A_obeuntis_BEC337","d__Bacteria;p__Bacillota;c__Clostridia;o__Oscillospirales;f__Oscillospiraceae;g__WRMH01",902.035957,54
"A_obeuntis_BEC337","d__Bacteria;p__Spirochaetota;c__Spirochaetia;o__Treponematales;f__Breznakiellaceae",2832.145006,11
"A_obeuntis_BEC337","d__Bacteria;p__Spirochaetota;c__Spirochaetia",3637.084168,29
"A_obeuntis_BEC337","d__Bacteria;p__Spirochaetota;c__Spirochaetia;o__Treponematales;f__Breznakiellaceae",1302.718971,61
"A_obeuntis_BEC337","d__Bacteria;p__Spirochaetota;c__Spirochaetia;o__Treponematales;f__Breznakiellaceae",1172.476839,27
"A_obeuntis_BEC337","d__Bacteria",1071.625089,12
"Amitermes_sp_BEC323","d__Bacteria",2268.19224,20
"Amitermes_sp_BEC323","d__Bacteria;p__Spirochaetota;c__Spirochaetia;o__Treponematales;f__Breznakiellaceae",2085.553361,373
"Amitermes_sp_BEC323","d__Bacteria;p__Spirochaetota;c__Spirochaetia",2085.553361,373
"Amitermes_sp_BEC323","d__Bacteria",1287.338639,5
"Amitermes_sp_BEC323","d__Bacteria",1287.338639,5
"Amitermes_sp_BEC323","d__Bacteria;p__Spirochaetota;c__Spirochaetia",6270.834773,50
"Amitermes_sp_BEC323","d__Bacteria;p__Spirochaetota;c__Spirochaetia;o__Treponematales;f__Breznakiellaceae",19392.647391,88
"Amitermes_sp_BEC323","d__Bacteria;p__Spirochaetota;c__Spirochaetia;o__Treponematales;f__Breznakiellaceae",19392.647391,88
"Amitermes_sp_BEC323","d__Bacteria;p__Spirochaetota;c__Spirochaetia;o__Treponematales;f__Breznakiellaceae;g__WQXQ01",727.10823,6
"Amitermes_sp_BEC323","d__Bacteria;p__Spirochaetota;c__Spirochaetia",727.10823,6
"Amitermes_sp_BEC323","d__Bacteria;p__Desulfobacterota;c__Desulfarculia;o__Adiutricales;f__Adiutricaceae;g__Adiutrix",4922.022773,204
"Amitermes_sp_BEC323","d__Bacteria;p__Bacillota;c__Clostridia;o__Oscillospirales;f__Oscillospiraceae",426.754096,22
"Amitermes_sp_BEC323","d__Bacteria;p__Spirochaetota;c__Spirochaetia;o__Treponematales;f__Breznakiellaceae",915.814958,15
"Amitermes_sp_BEC323","d__Bacteria;p__Bacillota;c__Clostridia;o__Oscillospirales;f__Oscillospiraceae",414.642038,33
"Amitermes_sp_BEC323","d__Bacteria;p__Spirochaetota;c__Spirochaetia;o__Treponematales;f__Breznakiellaceae",2968.289798,64
"Amitermes_sp_BEC323","d__Bacteria;p__Spirochaetota;c__Spirochaetia;o__Treponematales",2968.289798,64
"Amitermes_sp_BEC323","d__Bacteria;p__Spirochaetota;c__Spirochaetia;o__Treponematales;f__Breznakiellaceae",2968.289798,64
"Amitermes_sp_BEC323","d__Bacteria;p__Spirochaetota;c__Spirochaetia;o__Treponematales;f__Breznakiellaceae",2968.289798,64
"Amitermes_sp_BEC323","d__Bacteria;p__Bacillota;c__Clostridia;o__Oscillospirales;f__Oscillospiraceae",710.009972,41
"Amitermes_sp_BEC323","d__Bacteria;p__Fibrobacterota;c__Chitinivibrionia;o__Chitinivibrionales;f__Chitinispirillaceae",1112.981445,63
"Amitermes_sp_BEC323","d__Bacteria;p__Spirochaetota;c__Spirochaetia;o__Treponematales;f__Breznakiellaceae",3633.779258,27
"Amitermes_sp_BEC323","d__Bacteria;p__Spirochaetota;c__Spirochaetia;o__Treponematales;f__Breznakiellaceae",1370.396953,118
"Amitermes_sp_BEC323","d__Bacteria;p__Spirochaetota;c__Spirochaetia;o__Treponematales;f__Breznakiellaceae",989.356579,17
"Amitermes_sp_BEC323","d__Bacteria;p__Spirochaetota;c__Spirochaetia;o__Treponematales",989.356579,17
"Amitermes_sp_BEC323","d__Bacteria;p__Spirochaetota;c__Spirochaetia;o__Treponematales;f__Breznakiellaceae",53076.083325,188.656
"Amitermes_sp_BEC323","d__Bacteria;p__Spirochaetota;c__Spirochaetia;o__Treponematales;f__Breznakiellaceae;g__WQXQ01",1400.450479,48
"Amitermes_sp_BEC323","d__Bacteria",609.547089,35
"Amitermes_sp_BEC323","d__Bacteria",1730.842277,21.27
"Amitermes_sp_BEC323","d__Bacteria;p__Spirochaetota;c__Spirochaetia;o__Treponematales;f__Breznakiellaceae",548.265079,12
"Amitermes_sp_BEC323","d__Bacteria;p__Bacillota;c__Clostridia;o__Oscillospirales;f__Oscillospiraceae",602.276012,39
"Amitermes_sp_BEC323","d__Bacteria;p__Spirochaetota;c__Spirochaetia;o__Treponematales;f__Breznakiellaceae",2194.560082,165
"Amitermes_sp_BEC323","d__Bacteria;p__Spirochaetota;c__Spirochaetia",641.531253,36
"Amitermes_sp_BEC323","d__Bacteria;p__Bacillota",2986.846715,23
"Amitermes_sp_BEC334","d__Bacteria;p__Fibrobacterota;c__Chitinivibrionia;o__Chitinivibrionales;f__Chitinispirillaceae",4706.196965,60
"Amitermes_sp_BEC334","d__Bacteria;p__Bacillota;c__Clostridia;o__Oscillospirales;f__Oscillospiraceae",2006.667127,16
"D_gayi_BEC328","d__Bacteria;p__Bacillota;c__Clostridia;o__Oscillospirales;f__Oscillospiraceae",699.753933,16
"D_gayi_BEC328","d__Bacteria;p__Spirochaetota;c__Spirochaetia;o__Treponematales;f__Breznakiellaceae",13837.431414,102.816
"D_gayi_BEC328","d__Bacteria;p__Bacillota;c__Clostridia;o__Oscillospirales;f__Oscillospiraceae",830.513044,14
"D_gayi_BEC329","d__Bacteria;p__Spirochaetota;c__Spirochaetia;o__Treponematales;f__Breznakiellaceae",5031.109019,120.777
"D_gayi_BEC329","d__Bacteria;p__Spirochaetota;c__Spirochaetia;o__Treponematales;f__Breznakiellaceae",3056.722234,329.467
"D_gayi_BEC329","d__Bacteria;p__Spirochaetota;c__Spirochaetia;o__Treponematales;f__Breznakiellaceae",3216.232545,169.473
"D_gayi_BEC329","d__Bacteria;p__Fibrobacterota;c__Fibrobacteria;o__Fibrobacterales;f__Fibrobacteraceae",1103.614744,47
"D_gayi_BEC329","d__Bacteria;p__Spirochaetota;c__Spirochaetia;o__Treponematales;f__Breznakiellaceae;g__WQXQ01",581.416684,15
"D_gayi_BEC329","d__Bacteria;p__Spirochaetota;c__Spirochaetia;o__Treponematales",8794.722862,93
"D_gayi_BEC329","d__Bacteria;p__Spirochaetota;c__Spirochaetia;o__Treponematales;f__Breznakiellaceae",2622.451333,316
"D_gayi_BEC329","d__Bacteria;p__Spirochaetota;c__Spirochaetia;o__Treponematales;f__Breznakiellaceae",3148.892701,72
"D_gayi_BEC329","d__Bacteria;p__Spirochaetota;c__Spirochaetia;o__Treponematales",3148.892701,72
"D_gayi_BEC329","d__Bacteria;p__Spirochaetota;c__Spirochaetia;o__Treponematales",13105.165715,99
"D_gayi_BEC329","d__Bacteria;p__Fibrobacterota;c__Chitinivibrionia;o__Chitinivibrionales;f__Chitinispirillaceae",7153.682553,27
"D_gayi_BEC329","d__Bacteria;p__Spirochaetota;c__Spirochaetia;o__Treponematales;f__Breznakiellaceae",1459.256207,65
"D_gayi_BEC329","d__Bacteria;p__Spirochaetota;c__Spirochaetia;o__Treponematales;f__Breznakiellaceae",3994.848298,177.292
"D_gayi_BEC329","d__Bacteria;p__Spirochaetota;c__Spirochaetia;o__Treponematales;f__Breznakiellaceae",10190.024747,244.623
"D_gayi_BEC329","d__Bacteria;p__Spirochaetota;c__Spirochaetia;o__Treponematales;f__Breznakiellaceae",2956.932272,124
"D_gayi_BEC329","d__Bacteria;p__Spirochaetota;c__Spirochaetia;o__Treponematales;f__Breznakiellaceae;g__WQXQ01",5081.495796,79.93
"D_gayi_BEC329","d__Bacteria;p__Spirochaetota;c__Spirochaetia;o__Treponematales;f__Breznakiellaceae",5751.139356,139
"D_gayi_BEC329","d__Bacteria;p__Spirochaetota;c__Spirochaetia;o__Treponematales;f__Breznakiellaceae",3193.09086,426.917
"D_gayi_BEC329","d__Bacteria;p__Spirochaetota;c__Spirochaetia;o__Treponematales;f__Breznakiellaceae",1418.830017,150.615
"D_gayi_BEC329","d__Bacteria",592.317089,7
"D_gayi_BEC329","d__Bacteria;p__Spirochaetota;c__Spirochaetia;o__Treponematales;f__Breznakiellaceae;g__WQXQ01",921.153765,61
"D_gayi_BEC329","d__Bacteria;p__Spirochaetota;c__Spirochaetia;o__Treponematales",4324.766941,33.882
"D_gayi_BEC329","d__Bacteria;p__Spirochaetota;c__Spirochaetia;o__Treponematales;f__Breznakiellaceae",6110.999251,33
"D_gayi_BEC329","d__Bacteria;p__Spirochaetota;c__Spirochaetia;o__Treponematales;f__Breznakiellaceae",6110.999251,33
"D_gayi_BEC329","d__Bacteria;p__Fibrobacterota;c__Chitinivibrionia;o__Chitinivibrionales;f__Chitinispirillaceae",3712.756401,23.144
"D_gayi_BEC329","d__Bacteria;p__Spirochaetota;c__Spirochaetia;o__Treponematales;f__Breznakiellaceae",7732.28883,83
"D_gayi_BEC329","d__Bacteria",18849.647684,67
"D_gayi_BEC330","d__Bacteria;p__Spirochaetota;c__Spirochaetia;o__Treponematales;f__Breznakiellaceae;g__WQXQ01",1774.971405,143
"D_gayi_BEC330","d__Bacteria;p__Bacillota;c__Clostridia;o__Oscillospirales;f__Oscillospiraceae;g__WRMH01",1627.065905,86
"D_gayi_BEC330","d__Bacteria;p__Bacillota;c__Clostridia;o__Oscillospirales",2231.204008,20
"D_gayi_BEC330","d__Bacteria",2231.204008,20
"D_gayi_BEC330","d__Bacteria;p__Bacillota;c__Clostridia",5886.037303,87
"D_gayi_BEC330","d__Bacteria;p__Spirochaetota;c__Spirochaetia;o__Treponematales;f__Breznakiellaceae",1555.81294,16
"D_gayi_BEC330","d__Bacteria;p__Bacillota;c__Clostridia;o__Oscillospirales;f__Oscillospiraceae",2540.753422,155
"D_perniger_BEC341","d__Bacteria;p__Bacillota;c__Clostridia;o__Oscillospirales",3870.687143,125.727
"D_perniger_BEC341","d__Bacteria;p__Bacillota;c__Clostridia;o__Oscillospirales;f__Oscillospiraceae",3688.109587,39
"D_perniger_BEC341","d__Bacteria",4675.794539,99.292
"D_perniger_BEC341","d__Bacteria;p__Bacillota;c__Clostridia;o__Oscillospirales",2808.095201,22
"D_perniger_BEC341","d__Bacteria;p__Bacillota;c__Clostridia;o__Oscillospirales;f__Oscillospiraceae",1280.185349,42
"D_perniger_BEC341","d__Bacteria;p__Desulfobacterota;c__Desulfarculia;o__Adiutricales;f__Adiutricaceae",11294.872716,144
"D_perniger_BEC341","d__Bacteria;p__Bacillota;c__Clostridia;o__Oscillospirales;f__Oscillospiraceae",3843.394188,49
"D_perniger_BEC342","d__Bacteria;p__Spirochaetota;c__Spirochaetia;o__Treponematales;f__Breznakiellaceae",1151.933951,72.527
"D_perniger_BEC342","d__Bacteria;p__Spirochaetota;c__Spirochaetia;o__Treponematales;f__Breznakiellaceae",1617.127742,52
"D_perniger_BEC342","d__Bacteria;p__Spirochaetota;c__Spirochaetia;o__Treponematales;f__Breznakiellaceae",2980.118293,107
"D_perniger_BEC342","d__Bacteria;p__Spirochaetota;c__Spirochaetia;o__Treponematales;f__Breznakiellaceae",1167.900194,88
"D_perniger_BEC342","d__Bacteria;p__Spirochaetota;c__Spirochaetia",2382.917214,19
"D_perniger_BEC342","d__Bacteria",5064.084452,18
"D_perniger_BEC342","d__Bacteria;p__Spirochaetota;c__Spirochaetia;o__Treponematales;f__Breznakiellaceae;g__WQXQ01",1217.800821,18
"D_perniger_BEC342","d__Bacteria;p__Spirochaetota;c__Spirochaetia;o__Treponematales;f__Breznakiellaceae",833.020722,72
"D_perniger_BEC343","d__Bacteria;p__Desulfobacterota;c__Desulfarculia;o__Adiutricales;f__Adiutricaceae;g__Adiutrix",10214.046127,425
"D_perniger_BEC343","d__Bacteria;p__Bacillota;c__Clostridia;o__Oscillospirales;f__Oscillospiraceae;g__WRMH01",7991.539899,53
"D_perniger_BEC343","d__Bacteria;p__Fibrobacterota;c__Chitinivibrionia;o__Chitinivibrionales;f__Chitinispirillaceae",2613.363493,113
"D_perniger_BEC343","d__Bacteria;p__Fibrobacterota;c__Chitinivibrionia;o__Chitinivibrionales;f__Chitinispirillaceae;g__GUT77",6315.763121,200
"D_perniger_BEC343","d__Bacteria;p__Spirochaetota;c__Spirochaetia;o__Treponematales;f__Breznakiellaceae",1991.125732,44.878
"D_perniger_BEC343","d__Bacteria;p__Bacillota",1025.144755,47
"D_perniger_BEC343","d__Bacteria;p__Fibrobacterota;c__Chitinivibrionia;o__Chitinivibrionales;f__Chitinispirillaceae",2914.463262,11
"D_perniger_BEC343","d__Bacteria;p__Fibrobacterota;c__Chitinivibrionia;o__Chitinivibrionales;f__Chitinispirillaceae",1546.079136,37.871
"D_perniger_BEC343","d__Bacteria;p__Fibrobacterota;c__Chitinivibrionia;o__Chitinivibrionales;f__Chitinispirillaceae",2533.590816,333.374
"D_perniger_BEC343","d__Bacteria;p__Fibrobacterota;c__Chitinivibrionia;o__Chitinivibrionales;f__Chitinispirillaceae",4946.962281,105.856
"D_perniger_BEC343","d__Bacteria;p__Fibrobacterota;c__Chitinivibrionia;o__Chitinivibrionales;f__Chitinispirillaceae",4946.962281,105.856
"D_perniger_BEC343","d__Bacteria;p__Fibrobacterota;c__Chitinivibrionia;o__Chitinivibrionales;f__Chitinispirillaceae",4946.962281,105.856
"D_perniger_BEC343","d__Bacteria;p__Fibrobacterota;c__Chitinivibrionia;o__Chitinivibrionales;f__Chitinispirillaceae;g__GUT77",4946.962281,105.856
"D_perniger_BEC343","d__Bacteria;p__Fibrobacterota;c__Chitinivibrionia;o__Chitinivibrionales;f__Chitinispirillaceae",3974.93373,225
"D_perniger_BEC343","d__Bacteria;p__Fibrobacterota;c__Chitinivibrionia;o__Chitinivibrionales;f__Chitinispirillaceae",4070.243835,243
"D_perniger_BEC343","d__Bacteria;p__Fibrobacterota;c__Chitinivibrionia;o__Chitinivibrionales;f__Chitinispirillaceae",4070.243835,243
"D_perniger_BEC343","d__Bacteria;p__Fibrobacterota;c__Chitinivibrionia;o__Chitinivibrionales;f__Chitinispirillaceae",2018.93707,29.531
"D_perniger_BEC343","d__Bacteria;p__Fibrobacterota;c__Chitinivibrionia;o__Chitinivibrionales;f__Chitinispirillaceae",2018.93707,29.531
"D_perniger_BEC343","d__Bacteria;p__Fibrobacterota;c__Chitinivibrionia;o__Chitinivibrionales;f__Chitinispirillaceae",2018.93707,29.531
"D_perniger_BEC343","d__Bacteria;p__Fibrobacterota;c__Chitinivibrionia;o__Chitinivibrionales",2018.93707,29.531
"D_perniger_BEC344","d__Bacteria;p__Fibrobacterota;c__Chitinivibrionia;o__Chitinivibrionales;f__Chitinispirillaceae",5267.501209,42
"D_perniger_BEC344","d__Bacteria;p__Fibrobacterota;c__Chitinivibrionia;o__Chitinivibrionales",5267.501209,42
"D_perniger_BEC344","d__Bacteria;p__Fibrobacterota;c__Chitinivibrionia;o__Chitinivibrionales;f__Chitinispirillaceae",2848.09651,35
"D_perniger_BEC344","d__Bacteria;p__Fibrobacterota;c__Chitinivibrionia;o__Chitinivibrionales;f__Chitinispirillaceae",1071.61717,39
"D_perniger_BEC344","d__Bacteria;p__Fibrobacterota;c__Chitinivibrionia;o__Chitinivibrionales;f__Chitinispirillaceae",1532.926279,123
"D_perniger_BEC344","d__Bacteria;p__Fibrobacterota;c__Chitinivibrionia;o__Chitinivibrionales;f__Chitinispirillaceae",4769.121702,18
"D_perniger_BEC344","d__Bacteria;p__Fibrobacterota;c__Chitinivibrionia;o__Chitinivibrionales",2923.734037,328
"D_perniger_BEC344","d__Bacteria;p__Fibrobacterota;c__Chitinivibrionia;o__Chitinivibrionales;f__Chitinispirillaceae",4823.292114,79
"D_perniger_BEC344","d__Bacteria;p__Fibrobacterota;c__Chitinivibrionia;o__Chitinivibrionales;f__Chitinispirillaceae",6769.610904,23
"D_perniger_BEC344","d__Bacteria;p__Fibrobacterota;c__Chitinivibrionia;o__Chitinivibrionales;f__Chitinispirillaceae",6769.610904,23
"D_perniger_BEC344","d__Bacteria;p__Fibrobacterota;c__Chitinivibrionia;o__Chitinivibrionales",5467.76402,57
"D_perniger_BEC344","d__Bacteria;p__Fibrobacterota;c__Chitinivibrionia;o__Chitinivibrionales;f__Chitinispirillaceae",5467.76402,57
"D_perniger_BEC345","d__Bacteria;p__Fibrobacterota;c__Chitinivibrionia;o__Chitinivibrionales;f__Chitinispirillaceae",955.06068,11
"D_perniger_BEC345","d__Bacteria;p__Fibrobacterota;c__Chitinivibrionia;o__Chitinivibrionales;f__Chitinispirillaceae",1276.40691,10
"D_perniger_BEC345","d__Bacteria;p__Fibrobacterota;c__Chitinivibrionia;o__Chitinivibrionales;f__Chitinispirillaceae",2560.171149,32.64
"D_perniger_BEC346","d__Bacteria;p__Fibrobacterota;c__Fibrobacteria;o__Fibrobacterales;f__Fibrobacteraceae",1290.346014,60
"D_perniger_BEC346","d__Bacteria;p__Fibrobacterota;c__Fibrobacteria;o__Fibrobacterales;f__Fibrobacteraceae",1818.856463,49
"D_perniger_BEC346","d__Bacteria;p__Fibrobacterota;c__Fibrobacteria;o__Fibrobacterales;f__Fibrobacteraceae;g__Fibrimonas",496.211128,20
"D_perniger_BEC346","d__Bacteria;p__Fibrobacterota;c__Chitinivibrionia;o__Chitinivibrionales;f__Chitinispirillaceae",9297.503263,93
"D_perniger_BEC346","d__Bacteria;p__Spirochaetota;c__Spirochaetia;o__Treponematales",3844.237281,30.118
"D_perniger_BEC346","d__Bacteria;p__Fibrobacterota;c__Chitinivibrionia;o__Chitinivibrionales",5802.982982,232
"D_perniger_BEC346","d__Bacteria;p__Fibrobacterota;c__Fibrobacteria;o__Fibrobacterales;f__Fibrobacteraceae",1216.869212,12
"D_perniger_BEC346","d__Bacteria;p__Fibrobacterota;c__Fibrobacteria;o__Fibrobacterales;f__Fibrobacteraceae",1216.869212,12
"D_perniger_BEC346","d__Bacteria;p__Spirochaetota;c__Spirochaetia;o__Treponematales",12960.197821,114.278
"D_perniger_BEC346","d__Bacteria;p__Fibrobacterota;c__Fibrobacteria;o__Fibrobacterales;f__Fibrobacteraceae",1513.0706,16
"D_perniger_BEC346","d__Bacteria;p__Fibrobacterota;c__Chitinivibrionia;o__Chitinivibrionales;f__Chitinispirillaceae",9088.852877,75
"D_perniger_BEC346","d__Bacteria;p__Fibrobacterota;c__Chitinivibrionia;o__Chitinivibrionales;f__Chitinispirillaceae",9088.852877,75
"D_perniger_BEC346","d__Bacteria;p__Fibrobacterota;c__Fibrobacteria;o__Fibrobacterales;f__Fibrobacteraceae;g__Fibrimonas",1423.672756,30
"D_perniger_BEC346","d__Bacteria;p__Spirochaetota;c__Spirochaetia;o__Treponematales;f__Breznakiellaceae;g__WQXQ01",3470.08038,85
"D_perniger_BEC346","d__Bacteria;p__Fibrobacterota;c__Fibrobacteria;o__Fibrobacterales;f__Fibrobacteraceae",2139.242792,22
"D_perniger_BEC346","d__Bacteria;p__Fibrobacterota;c__Fibrobacteria;o__Fibrobacterales;f__Fibrobacteraceae",2678.487454,35
"D_perniger_BEC346","d__Bacteria;p__Fibrobacterota;c__Fibrobacteria;o__Fibrobacterales;f__Fibrobacteraceae;g__Fibrimonas",1849.121561,25
"D_perniger_BEC346","d__Bacteria;p__Fibrobacterota;c__Fibrobacteria;o__Fibrobacterales;f__Fibrobacteraceae;g__Fibrimonas",1849.121561,25
"D_perniger_BEC346","d__Bacteria;p__Fibrobacterota;c__Fibrobacteria;o__Fibrobacterales;f__Fibrobacteraceae;g__Fibrimonas",1849.121561,25
"D_perniger_BEC347","d__Bacteria;p__Spirochaetota;c__Spirochaetia;o__Treponematales",762.365233,6.722
"D_perniger_BEC347","d__Bacteria;p__Fibrobacterota;c__Chitinivibrionia;o__Chitinivibrionales;f__Chitinispirillaceae",3776.795916,93.129
"D_perniger_BEC347","d__Bacteria;p__Spirochaetota;c__Spirochaetia;o__Treponematales;f__Breznakiellaceae",9796.555069,224
"D_perniger_BEC347","d__Bacteria;p__Spirochaetota;c__Spirochaetia;o__Treponematales;f__Breznakiellaceae",1049.811945,88
"D_perniger_BEC347","d__Bacteria;p__Fibrobacterota;c__Chitinivibrionia;o__Chitinivibrionales;f__Chitinispirillaceae",3283.221809,357.626
"D_perniger_BEC347","d__Bacteria;p__Spirochaetota;c__Spirochaetia;o__Treponematales;f__Breznakiellaceae",3420.847146,110
"D_perniger_BEC347","d__Bacteria;p__Fibrobacterota;c__Chitinivibrionia;o__Chitinivibrionales;f__Chitinispirillaceae",4270.828417,62.469
"D_perniger_BEC347","d__Bacteria;p__Spirochaetota;c__Spirochaetia;o__Treponematales;f__Breznakiellaceae",2851.155846,66.122
"D_perniger_BEC347","d__Bacteria;p__Spirochaetota;c__Spirochaetia;o__Treponematales",2851.155846,66.122
"D_perniger_BEC347","d__Bacteria;p__Fibrobacterota;c__Chitinivibrionia;o__Chitinivibrionales",9594.177233,86
"D_perniger_BEC347","d__Bacteria;p__Fibrobacterota;c__Chitinivibrionia;o__Chitinivibrionales;f__Chitinispirillaceae",9594.177233,86
"D_perniger_BEC347","d__Bacteria;p__Spirochaetota;c__Spirochaetia;o__Treponematales;f__Breznakiellaceae;g__WQXQ01",953.738714,33
"D_perniger_BEC347","d__Bacteria;p__Fibrobacterota;c__Chitinivibrionia;o__Chitinivibrionales;f__Chitinispirillaceae;g__GUT77",13105.106437,85
"D_perniger_BEC347","d__Bacteria;p__Fibrobacterota;c__Chitinivibrionia;o__Chitinivibrionales;f__Chitinispirillaceae",13105.106437,85
"D_perniger_BEC347","d__Bacteria;p__Spirochaetota;c__Spirochaetia;o__Treponematales;f__Breznakiellaceae",8889.740732,225
"D_perniger_BEC347","d__Bacteria;p__Spirochaetota;c__Spirochaetia;o__Treponematales;f__Breznakiellaceae",8142.114221,35
"D_perniger_BEC347","d__Bacteria;p__Fibrobacterota;c__Chitinivibrionia;o__Chitinivibrionales;f__Chitinispirillaceae",5440.363691,69.36
"D_perniger_BEC347","d__Bacteria",5440.363691,69.36
"D_perniger_BEC347","d__Bacteria;p__Fibrobacterota;c__Chitinivibrionia;o__Chitinivibrionales;f__Chitinispirillaceae",4313.877335,427
"D_perniger_BEC347","d__Bacteria;p__Spirochaetota;c__Spirochaetia;o__Treponematales;f__Breznakiellaceae;g__WQXQ01",6157.190994,201
"D_perniger_BEC347","d__Bacteria;p__Fibrobacterota;c__Chitinivibrionia;o__Chitinivibrionales;f__Chitinispirillaceae",8076.397516,70
"D_perniger_BEC347","d__Bacteria;p__Spirochaetota;c__Spirochaetia;o__Treponematales;f__Breznakiellaceae;g__WQXQ01",1557.118753,25
"D_perniger_BEC347","d__Bacteria;p__Spirochaetota;c__Spirochaetia;o__Treponematales;f__Breznakiellaceae;g__WQXQ01",5268.337486,235.528
"D_perniger_BEC347","d__Bacteria;p__Spirochaetota;c__Spirochaetia;o__Treponematales;f__Breznakiellaceae",7335.128553,105
"D_perniger_BEC347","d__Bacteria;p__Fibrobacterota;c__Chitinivibrionia;o__Chitinivibrionales;f__Chitinispirillaceae",NA,NA
"D_perniger_BEC347","d__Bacteria;p__Fibrobacterota;c__Chitinivibrionia;o__Chitinivibrionales;f__Chitinispirillaceae",NA,NA
"D_rubriceps_BEC340","d__Bacteria",7936.144836,20
"D_rubriceps_BEC340","d__Bacteria;p__Bacillota;c__Clostridia;o__Oscillospirales;f__Oscillospiraceae;g__WRMH01",2207.669311,17
"D_rubriceps_BEC340","d__Bacteria;p__Spirochaetota;c__Spirochaetia;o__Treponematales;f__Breznakiellaceae",2354.647271,8
"D_rubriceps_BEC340","d__Bacteria;p__Spirochaetota;c__Spirochaetia;o__Treponematales;f__Breznakiellaceae",2354.647271,8
"D_rubriceps_BEC340","d__Bacteria",1741.748335,35
"D_rubriceps_BEC340","d__Bacteria;p__Bacillota;c__Clostridia",2284.972298,88
"D_rubriceps_BEC348","d__Bacteria;p__Fibrobacterota;c__Chitinivibrionia;o__Chitinivibrionales",7987.013939,87
"D_rubriceps_BEC348","d__Bacteria;p__Fibrobacterota;c__Chitinivibrionia;o__Chitinivibrionales;f__Chitinispirillaceae",2503.227553,41
"D_rubriceps_BEC348","d__Bacteria;p__Fibrobacterota;c__Chitinivibrionia;o__Chitinivibrionales;f__Chitinispirillaceae",2503.227553,41
"D_rubriceps_BEC348","d__Bacteria;p__Fibrobacterota;c__Chitinivibrionia;o__Chitinivibrionales;f__Chitinispirillaceae",4264.698616,199
"D_rubriceps_BEC349","d__Bacteria;p__Fibrobacterota;c__Chitinivibrionia;o__Chitinivibrionales;f__Chitinispirillaceae",7405.050925,91
"D_rubriceps_BEC349","d__Bacteria;p__Fibrobacterota;c__Chitinivibrionia;o__Chitinivibrionales;f__Chitinispirillaceae",2070.713656,127
"D_rubriceps_BEC349","d__Bacteria;p__Bacillota;c__Clostridia;o__Oscillospirales;f__Oscillospiraceae",816.375044,3
"D_rubriceps_BEC350","d__Bacteria;p__Bacillota;c__Clostridia",4520.680225,41.159
"D_rubriceps_BEC350","d__Bacteria;p__Bacillota;c__Clostridia;o__Oscillospirales;f__Oscillospiraceae",1286.23375,249.33
"D_rubriceps_BEC350","d__Bacteria;p__Bacillota;c__Clostridia;o__Oscillospirales;f__Oscillospiraceae;g__WRMH01",1267.982898,54
"D_rubriceps_BEC350","d__Bacteria;p__Bacillota;c__Clostridia;o__Oscillospirales;f__Oscillospiraceae",1459.804989,174
"D_rubriceps_BEC350","d__Bacteria",2514.56696,127.582
"D_rubriceps_BEC350","d__Bacteria;p__Spirochaetota;c__Spirochaetia;o__Treponematales",3082.074268,183
"D_rubriceps_BEC350","d__Bacteria",2177.084475,42
"D_rubriceps_BEC350","d__Bacteria",1339.119264,28
"D_rubriceps_BEC350","d__Bacteria;p__Bacillota;c__Clostridia;o__Oscillospirales;f__Oscillospiraceae",2044.376524,275
"D_rubriceps_BEC350","d__Bacteria;p__Bacillota;c__Clostridia;o__Oscillospirales;f__Oscillospiraceae;g__WRMH01",482.162953,28
"D_rubriceps_BEC350","d__Bacteria;p__Bacillota;c__Clostridia;o__Oscillospirales",2449.125132,9
"D_rubriceps_BEC350","d__Bacteria;p__Fibrobacterota;c__Chitinivibrionia;o__Chitinivibrionales;f__Chitinispirillaceae",3974.268085,15
"D_rubriceps_BEC350","d__Bacteria;p__Bacillota;c__Clostridia",2053.161883,19
"D_rubriceps_BEC350","d__Bacteria;p__Bacillota;c__Clostridia",2445.54012,23
"D_rubriceps_BEC350","d__Bacteria;p__Bacillota;c__Clostridia",3819.564362,41
"D_rubriceps_BEC350","d__Bacteria;p__Bacillota;c__Clostridia",1376.176498,53
"D_rubriceps_BEC350","d__Bacteria",4208.660543,88
"D_rubriceps_BEC350","d__Bacteria;p__Bacillota;c__Clostridia;o__Oscillospirales;f__Oscillospiraceae",1973.066173,379.896
"D_rubriceps_BEC350","d__Bacteria;p__Bacillota;c__Clostridia",2565.884609,23
"D_rubriceps_BEC350","d__Bacteria",2565.884609,23
"D_rubriceps_BEC350","d__Bacteria;p__Bacillota;c__Clostridia",6960.216905,123
"D_rubriceps_BEC350","d__Bacteria;p__Bacillota;c__Clostridia",897.128885,16
"D_rubriceps_BEC350","d__Bacteria;p__Bacillota",1448.654356,65
"D_rubriceps_BEC350","d__Bacteria;p__Bacillota",1112.391117,51
"D_rubriceps_BEC350","d__Bacteria;p__Fibrobacterota;c__Chitinivibrionia;o__Chitinivibrionales;f__Chitinispirillaceae",3692.067436,32
"D_rubriceps_BEC350","d__Bacteria;p__Bacillota;c__Clostridia;o__Oscillospirales",1455.378366,47.273
"D_rubriceps_BEC350","d__Bacteria",1455.378366,47.273
"D_rubriceps_BEC350","d__Bacteria",1455.378366,47.273
"D_rubriceps_BEC350","d__Bacteria;p__Bacillota;c__Clostridia;o__Oscillospirales;f__Oscillospiraceae",3568.806606,88
"D_rubriceps_BEC350","d__Bacteria;p__Spirochaetota;c__Spirochaetia;o__Treponematales;f__Breznakiellaceae;g__WQXQ01",8636.948054,182
"D_rubriceps_BEC350","d__Bacteria;p__Bacillota;c__Clostridia;o__Oscillospirales;f__Oscillospiraceae",3895.887019,30
"D_rubriceps_BEC350","d__Bacteria;p__Bacillota;c__Clostridia;o__Oscillospirales",3895.887019,30
"D_rubriceps_BEC350","d__Bacteria;p__Bacillota;c__Clostridia;o__Oscillospirales",3895.887019,30
"D_rubriceps_BEC350","d__Bacteria",3895.887019,30
"D_rubriceps_BEC350","d__Bacteria",3895.887019,30
"D_rubriceps_BEC350","d__Bacteria;p__Bacillota;c__Clostridia;o__Oscillospirales;f__Oscillospiraceae",1606.784016,70
"D_rubriceps_BEC350","d__Bacteria",3347.080462,13
"D_rubriceps_BEC350","d__Bacteria;p__Spirochaetota;c__Spirochaetia;o__Treponematales;f__Breznakiellaceae",6876.169024,30.344
"D_rubriceps_BEC350","d__Bacteria",2097.230861,91.025
"D_rubriceps_BEC350","d__Bacteria;p__Fibrobacterota;c__Chitinivibrionia;o__Chitinivibrionales",4934.790224,38
"D_rubriceps_BEC350","d__Bacteria;p__Fibrobacterota;c__Chitinivibrionia;o__Chitinivibrionales;f__Chitinispirillaceae",4934.790224,38
"D_rubriceps_BEC350","d__Bacteria;p__Bacillota;c__Clostridia;o__Oscillospirales;f__Oscillospiraceae",980.488041,141
"D_rubriceps_BEC350","d__Bacteria",1996.437823,86.975
"D_tamminensis_BEC324","d__Bacteria;p__Bacillota;c__Clostridia;o__Oscillospirales",1886.120823,100
"D_tamminensis_BEC324","d__Bacteria;p__Bacillota;c__Clostridia",2636.002272,24
"D_tamminensis_BEC324","d__Bacteria;p__Bacillota;c__Clostridia;o__Oscillospirales;f__Oscillospiraceae",2636.002272,24
"D_tamminensis_BEC324","d__Bacteria;p__Bacillota;c__Clostridia;o__Oscillospirales;f__Oscillospiraceae",2615.232413,505.67
"D_tamminensis_BEC324","d__Bacteria;p__Bacillota;c__Clostridia;o__Oscillospirales;f__Oscillospiraceae",1682.278238,138
"D_tamminensis_BEC324","d__Bacteria;p__Bacillota;c__Clostridia;o__Oscillospirales",1722.692893,143
"D_tamminensis_BEC324","d__Bacteria;p__Bacillota;c__Clostridia;o__Oscillospirales",1073.673617,62
"D_tamminensis_BEC324","d__Bacteria;p__Bacillota;c__Clostridia;o__Oscillospirales;f__Oscillospiraceae;g__WRMH01",706.94538,42.667
"D_tamminensis_BEC324","d__Bacteria;p__Bacillota;c__Clostridia;o__Oscillospirales",1935.656834,32
"D_tamminensis_BEC324","d__Bacteria;p__Bacillota;c__Clostridia;o__Oscillospirales;f__Oscillospiraceae",1935.656834,32
"D_tamminensis_BEC324","d__Bacteria;p__Bacillota;c__Clostridia;o__Oscillospirales;f__Oscillospiraceae",3145.442355,52
"D_tamminensis_BEC324","d__Bacteria;p__Bacillota;c__Clostridia;o__Oscillospirales;f__Oscillospiraceae",3145.442355,52
"D_tamminensis_BEC324","d__Bacteria;p__Bacillota;c__Clostridia;o__Oscillospirales",3145.442355,52
"D_tamminensis_BEC324","d__Bacteria;p__Bacillota;c__Clostridia;o__Lachnospirales",3586.248554,27.616
"D_tamminensis_BEC324","d__Bacteria",3586.248554,27.616
"D_tamminensis_BEC324","d__Bacteria",13081.550912,14
"D_tamminensis_BEC324","d__Bacteria;p__Bacillota;c__Clostridia;o__Oscillospirales",13081.550912,14
"D_tamminensis_BEC324","d__Bacteria;p__Bacillota;c__Clostridia",1224.110894,107
"D_tamminensis_BEC324","d__Bacteria",1499.671398,57.756
"D_tamminensis_BEC324","d__Bacteria",5714.432382,58
"D_tamminensis_BEC324","d__Bacteria;p__Bacillota;c__Clostridia",2715.401781,30
"D_tamminensis_BEC324","d__Bacteria",6903.384612,73
"D_tamminensis_BEC324","d__Bacteria;p__Bacillota;c__Clostridia;o__Lachnospirales;f__Lachnospiraceae",1463.06897,48
"D_tamminensis_BEC324","d__Bacteria",1463.06897,48
"D_tamminensis_BEC324","d__Bacteria;p__Bacillota",1463.06897,48
"D_tamminensis_BEC324","d__Bacteria;p__Bacillota;c__Clostridia",1457.033553,82
"D_tamminensis_BEC324","d__Bacteria;p__Spirochaetota;c__Spirochaetia;o__Treponematales;f__Breznakiellaceae",4718.563752,210.18
"D_tamminensis_BEC324","d__Bacteria",1721.724768,36
"D_tamminensis_BEC324","d__Bacteria;p__Bacillota;c__Clostridia;o__Oscillospirales",1721.724768,36
"D_tamminensis_BEC324","d__Bacteria;p__Bacillota;c__Clostridia;o__Christensenellales",1101.854965,5
"D_tamminensis_BEC324","d__Bacteria;p__Bacillota;c__Clostridia;o__Christensenellales;f__UBA1242",1101.854965,5
"D_tamminensis_BEC324","d__Bacteria;p__Bacillota;c__Clostridia;o__Oscillospirales;f__Oscillospiraceae",820.645544,30
"D_tamminensis_BEC324","d__Bacteria;p__Bacillota;c__Clostridia",3646.560403,140.438
"D_tamminensis_BEC324","d__Bacteria",4549.323733,58
"D_tamminensis_BEC324","d__Bacteria",4549.323733,58
"D_tamminensis_BEC324","d__Bacteria",2090.651931,118
"D_tamminensis_BEC324","d__Bacteria;p__Spirochaetota;c__Spirochaetia;o__Treponematales;f__Breznakiellaceae",18016.681984,68
"D_tamminensis_BEC324","d__Bacteria",2463.117406,25
"D_tamminensis_BEC324","d__Bacteria",3380.967986,74
"D_tamminensis_BEC324","d__Bacteria;p__Bacillota;c__Clostridia",1589.251237,22
"D_tamminensis_BEC324","d__Bacteria;p__Spirochaetota;c__Spirochaetia",3634.752288,76
"D_tamminensis_BEC324","d__Bacteria;p__Bacillota",6363.282131,49
"D_tamminensis_BEC324","d__Bacteria;p__Bacillota;c__Clostridia;o__Oscillospirales;f__Oscillospiraceae",6363.282131,49
"D_tamminensis_BEC324","d__Bacteria",6363.282131,49
"D_tamminensis_BEC324","d__Bacteria;p__Bacillota;c__Clostridia",6363.282131,49
"D_tamminensis_BEC324","d__Bacteria;p__Bacillota;c__Clostridia",6363.282131,49
"D_tamminensis_BEC324","d__Bacteria",6363.282131,49
"D_tamminensis_BEC324","d__Bacteria",6363.282131,49
"D_tamminensis_BEC324","d__Bacteria;p__Bacillota;c__Clostridia;o__Oscillospirales;f__Oscillospiraceae",3018.100439,17
"D_tamminensis_BEC324","d__Bacteria;p__Bacillota;c__Clostridia;o__Oscillospirales;f__Oscillospiraceae",1735.062625,105
"D_tamminensis_BEC324","d__Bacteria",3069.621906,32
"D_tamminensis_BEC324","d__Bacteria;p__Spirochaetota;c__Spirochaetia;o__Treponematales;f__Breznakiellaceae;g__WQXQ01",3968.48424,63.07
"D_tamminensis_BEC324","d__Bacteria;p__Spirochaetota;c__Spirochaetia;o__Treponematales;f__Breznakiellaceae",6753.984381,50.184
"D_tamminensis_BEC324","d__Bacteria;p__Spirochaetota;c__Spirochaetia;o__Treponematales;f__Breznakiellaceae",6753.984381,50.184
"D_tamminensis_BEC324","d__Bacteria",1964.645997,22
"D_tamminensis_BEC324","d__Bacteria;p__Spirochaetota;c__Spirochaetia;o__Treponematales;f__Breznakiellaceae",7772.992167,186.599
"D_tamminensis_BEC324","d__Bacteria;p__Bacillota;c__Clostridia;o__Oscillospirales;f__Oscillospiraceae;g__WRMH01",1801.160249,109
"D_tamminensis_BEC324","d__Bacteria;p__Spirochaetota;c__Spirochaetia;o__Treponematales;f__Breznakiellaceae",3291.001124,241
"D_tamminensis_BEC325","d__Bacteria",2238.882918,20.384
"D_tamminensis_BEC325","d__Bacteria;p__Bacillota;c__Clostridia;o__Lachnospirales",2238.882918,20.384
"D_tamminensis_BEC325","d__Bacteria",2337.532211,18
"D_tamminensis_BEC325","d__Bacteria",4827.710116,49
"D_tamminensis_BEC325","d__Bacteria",7900.834316,33
"D_tamminensis_BEC325","d__Bacteria;p__Bacillota",1017.806929,46
"D_tamminensis_BEC325","d__Bacteria;p__Bacillota;c__Clostridia;o__Oscillospirales;f__Oscillospiraceae",2282.772855,268
"D_tamminensis_BEC325","d__Bacteria",2343.236559,90.244
"D_tamminensis_BEC325","d__Bacteria;p__Bacillota;c__Clostridia;o__Oscillospirales;f__Oscillospiraceae",2343.236559,90.244
"D_tamminensis_BEC325","d__Bacteria",1212.509309,26.538
"D_tamminensis_BEC325","d__Bacteria;p__Bacillota;c__Clostridia;o__Oscillospirales",3232.583113,105
"D_tamminensis_BEC326","d__Bacteria;p__Bacillota;c__Clostridia;o__Oscillospirales;f__Oscillospiraceae",2435.847086,469
"D_tamminensis_BEC326","d__Bacteria",2435.847086,469
"D_tamminensis_BEC326","d__Bacteria",1940.014894,42.462
"D_tamminensis_BEC326","d__Bacteria;p__Bacillota;c__Clostridia;o__Oscillospirales;f__Oscillospiraceae;g__WRMH01",1940.014894,42.462
"D_tamminensis_BEC326","d__Bacteria",1940.014894,42.462
"D_tamminensis_BEC326","d__Bacteria",1940.014894,42.462
"D_tamminensis_BEC326","d__Bacteria;p__Bacillota;c__Clostridia;o__Oscillospirales;f__Oscillospiraceae",1940.014894,42.462
"D_tamminensis_BEC326","d__Bacteria",1940.014894,42.462
"D_tamminensis_BEC326","d__Bacteria;p__Bacillota;c__Clostridia",1940.014894,42.462
"D_tamminensis_BEC326","d__Bacteria;p__Bacillota;c__Clostridia",1940.014894,42.462
"D_tamminensis_BEC326","d__Bacteria;p__Bacillota;c__Clostridia;o__Oscillospirales;f__Oscillospiraceae",2527.917427,92
"D_tamminensis_BEC326","d__Bacteria;p__Bacillota;c__Clostridia;o__Oscillospirales;f__Oscillospiraceae;g__WRMH01",2474.308831,149.333
"D_tamminensis_BEC326","d__Bacteria",2474.308831,149.333
"D_tamminensis_BEC326","d__Bacteria;p__Bacillota;c__Clostridia",1661.682918,194
"D_tamminensis_BEC326","d__Bacteria;p__Bacillota;c__Clostridia;o__Oscillospirales;f__Oscillospiraceae",2156.43156,95
"D_tamminensis_BEC326","d__Bacteria",2935.735892,23
"D_tamminensis_BEC326","d__Bacteria",1490.295706,19
"D_tamminensis_BEC326","d__Bacteria;p__Bacillota;c__Clostridia;o__Oscillospirales;f__Oscillospiraceae",2122.989213,279
"D_tamminensis_BEC326","d__Bacteria;p__Bacillota;c__Clostridia",3277.493163,29.841
"D_tamminensis_BEC327","d__Bacteria",3895.887019,30
"D_tamminensis_BEC327","d__Bacteria",3393.171741,28
"D_tamminensis_BEC327","d__Bacteria",1607.437634,18
"D_tamminensis_BEC327","d__Bacteria;p__Bacillota;c__Clostridia;o__Oscillospirales;f__Oscillospiraceae",1589.707234,6
"D_tamminensis_BEC327","d__Bacteria;p__Bacillota;c__Clostridia;o__Oscillospirales;f__Oscillospiraceae",1926.247082,115
"D_tamminensis_BEC327","d__Bacteria;p__Bacillota;c__Clostridia;o__Oscillospirales",1814.678282,30
"D_tamminensis_BEC327","d__Bacteria",1814.678282,30
"D_tamminensis_BEC327","d__Bacteria;p__Bacillota;c__Clostridia",1814.678282,30
"D_tamminensis_BEC327","d__Bacteria;p__Bacillota;c__Clostridia;o__Oscillospirales;f__Oscillospiraceae",1814.678282,30
"D_tamminensis_BEC327","d__Bacteria;p__Bacillota;c__Clostridia;o__Oscillospirales",5442.500293,20
"D_tamminensis_BEC327","d__Bacteria;p__Bacillota;c__Clostridia;o__Oscillospirales;f__Oscillospiraceae",1140.61912,138
"D_tamminensis_BEC327","d__Bacteria;p__Bacillota;c__Clostridia;o__Oscillospirales;f__Oscillospiraceae",1258.956813,53
"D_tamminensis_BEC327","d__Bacteria;p__Bacillota;c__Clostridia",1673.403006,15
"D_tamminensis_BEC327","d__Bacteria;p__Bacillota;c__Clostridia;o__Oscillospirales;f__Oscillospiraceae",2432.167768,188.811
