"sample","contig_name","protein_names","cazyme","length","effective_length","tpm","num_reads"
"A_dentosus_BEC331","A_dentosus_BEC331_contig365","NICGIFMD_00756","GH13_39",1773,1522.905,5233.172318,30
"A_dentosus_BEC331","A_dentosus_BEC331_contig7","NICGIFMD_00018","GH105",606,355.905,14181.944406,19
"A_heterognathus_BEC338","A_heterognathus_BEC338_contig1000","DOJEPIOO_02609","GT4",1086,836.458,778.769607,23
"A_heterognathus_BEC338","A_heterognathus_BEC338_contig1035","DOJEPIOO_02695","GH13_20",1848,1598.458,1258.004997,71
"A_heterognathus_BEC338","A_heterognathus_BEC338_contig1170","DOJEPIOO_03029","GT35",843,593.458,1479.438939,31
"A_heterognathus_BEC338","A_heterognathus_BEC338_contig1300","DOJEPIOO_03375","GT39",1692,1442.458,903.191638,46
"A_heterognathus_BEC338","A_heterognathus_BEC338_contig1390","DOJEPIOO_03604","GT5",1449,1199.458,944.496192,40
"A_heterognathus_BEC338","A_heterognathus_BEC338_contig1473","DOJEPIOO_03821","GT2_Glyco_tranf_2_5",315,93.904,6032.107602,20
"A_heterognathus_BEC338","A_heterognathus_BEC338_contig1644","DOJEPIOO_04231","GT2_Glycos_transf_2",555,305.664,1667.838947,18
"A_heterognathus_BEC338","A_heterognathus_BEC338_contig250","DOJEPIOO_00650","GH4",414,172.565,1969.489884,12
"A_heterognathus_BEC338","A_heterognathus_BEC338_contig402","DOJEPIOO_01056","GH105",1095,845.458,870.976838,26
"A_heterognathus_BEC338","A_heterognathus_BEC338_contig45","DOJEPIOO_00116","GH3",177,21.793,1299.575179,1
"A_heterognathus_BEC338","A_heterognathus_BEC338_contig534","DOJEPIOO_01412","GH5_7",1659,1409.458,964.526919,48
"A_heterognathus_BEC338","A_heterognathus_BEC338_contig535","DOJEPIOO_01415","GH42",1875,1625.458,1132.564254,65
"A_heterognathus_BEC338","A_heterognathus_BEC338_contig538","DOJEPIOO_01427","GT28",984,734.458,1426.790043,37
"A_heterognathus_BEC338","A_heterognathus_BEC338_contig619","DOJEPIOO_01633","GH13_39",237,49.869,2271.735055,4
"A_heterognathus_BEC338","A_heterognathus_BEC338_contig642","DOJEPIOO_01707","GT2_Glycos_transf_2",714,464.458,1097.618551,18
"A_heterognathus_BEC338","A_heterognathus_BEC338_contig849","DOJEPIOO_02220","GH3",702,452.458,938.941152,15
"A_heterognathus_BEC338","A_heterognathus_BEC338_contig916","DOJEPIOO_02366","GT35",291,78.162,1811.763469,5
"A_heterognathus_BEC338","A_heterognathus_BEC338_contig93","DOJEPIOO_00255","GH13_20",879,629.458,764.904992,17
"A_heterognathus_BEC338","A_heterognathus_BEC338_contig93","DOJEPIOO_00253","GT8",879,629.458,764.904992,17
"A_heterognathus_BEC338","A_heterognathus_BEC338_contig953","DOJEPIOO_02473","GH3",318,95.936,1771.320057,6
"A_heterognathus_BEC338","A_heterognathus_BEC338_contig978","DOJEPIOO_02550","GH13_9",1554,1304.458,564.505928,26
"A_laurensis_BEC8","A_laurensis_BEC8_contig30","DGHHCEEI_00063","GT84",516,299.737,1362.776377,10
"A_laurensis_BEC8","A_laurensis_BEC8_contig516","DGHHCEEI_01139","GT5",1314,1090.912,898.642724,24
"A_obeuntis_BEC335","A_obeuntis_BEC335_contig1219","BBIFBMJI_03744","GT5",762,518.143,1010.430648,24
"A_obeuntis_BEC335","A_obeuntis_BEC335_contig1219","BBIFBMJI_03745","GH13_39",762,518.143,1010.430648,24
"A_obeuntis_BEC335","A_obeuntis_BEC335_contig1324","BBIFBMJI_04062","GT28",1422,1178.143,1129.475712,61
"A_obeuntis_BEC335","A_obeuntis_BEC335_contig140","BBIFBMJI_00410","GT4",1128,884.143,641.498819,26
"A_obeuntis_BEC335","A_obeuntis_BEC335_contig1424","BBIFBMJI_04356","GT4",132,3.807,11460.07013,2
"A_obeuntis_BEC335","A_obeuntis_BEC335_contig145","BBIFBMJI_00423","GH13_44",219,41.532,1575.75505,3
"A_obeuntis_BEC335","A_obeuntis_BEC335_contig1464","BBIFBMJI_04496","CE4",846,602.143,579.64926,16
"A_obeuntis_BEC335","A_obeuntis_BEC335_contig1622","BBIFBMJI_04980","GH73",348,123.771,1762.486654,10
"A_obeuntis_BEC335","A_obeuntis_BEC335_contig1635","BBIFBMJI_05034","GH171",489,247.561,1233.647151,14
"A_obeuntis_BEC335","A_obeuntis_BEC335_contig1807","BBIFBMJI_05524","GT8",264,65.129,3349.424696,10
"A_obeuntis_BEC335","A_obeuntis_BEC335_contig1828","BBIFBMJI_05610","GH3",1347,1103.143,771.219236,39
"A_obeuntis_BEC335","A_obeuntis_BEC335_contig1828","BBIFBMJI_05611","GH31_3",1347,1103.143,771.219236,39
"A_obeuntis_BEC335","A_obeuntis_BEC335_contig1912","BBIFBMJI_05858","GT9",975,731.143,1014.428823,34
"A_obeuntis_BEC335","A_obeuntis_BEC335_contig1939","BBIFBMJI_05952","GH5_4",1731,1487.143,1202.835443,82
"A_obeuntis_BEC335","A_obeuntis_BEC335_contig1952","BBIFBMJI_05987","GH94",363,134.18,1950.918427,12
"A_obeuntis_BEC335","A_obeuntis_BEC335_contig1952","BBIFBMJI_05988","GH94",363,134.18,1950.918427,12
"A_obeuntis_BEC335","A_obeuntis_BEC335_contig20","BBIFBMJI_00055","AA2",315,98.598,1991.216629,9
"A_obeuntis_BEC335","A_obeuntis_BEC335_contig20","BBIFBMJI_00055","AA2",315,98.598,1991.216629,9
"A_obeuntis_BEC335","A_obeuntis_BEC335_contig200","BBIFBMJI_00599","GT51",2355,2111.143,785.309889,76
"A_obeuntis_BEC335","A_obeuntis_BEC335_contig2076","BBIFBMJI_06408","GH53",312,96.702,2255.852963,10
"A_obeuntis_BEC335","A_obeuntis_BEC335_contig2076","BBIFBMJI_06408","CBM61",312,96.702,2255.852963,10
"A_obeuntis_BEC335","A_obeuntis_BEC335_contig2076","BBIFBMJI_06407","GH13_36",312,96.702,2255.852963,10
"A_obeuntis_BEC335","A_obeuntis_BEC335_contig2076","BBIFBMJI_06406","GH5_2",312,96.702,2255.852963,10
"A_obeuntis_BEC335","A_obeuntis_BEC335_contig2131","BBIFBMJI_06584","GH13_31",246,54.59,2397.634615,6
"A_obeuntis_BEC335","A_obeuntis_BEC335_contig288","BBIFBMJI_00838","GH3",753,509.143,1499.592178,35
"A_obeuntis_BEC335","A_obeuntis_BEC335_contig331","BBIFBMJI_00958","GH9",1374,1130.143,636.979717,33
"A_obeuntis_BEC335","A_obeuntis_BEC335_contig579","BBIFBMJI_01739","GH5_36",423,186.439,1404.072113,12
"A_obeuntis_BEC335","A_obeuntis_BEC335_contig579","BBIFBMJI_01738","GH9",423,186.439,1404.072113,12
"A_obeuntis_BEC335","A_obeuntis_BEC335_contig738","BBIFBMJI_02242","GT28",1239,995.143,1096.047957,50
"A_obeuntis_BEC335","A_obeuntis_BEC335_contig810","BBIFBMJI_02433","GH4",2349,2105.143,953.34776,92
"A_obeuntis_BEC335","A_obeuntis_BEC335_contig86","BBIFBMJI_00248","GH13_20",1704,1460.143,956.15803,64
"A_obeuntis_BEC335","A_obeuntis_BEC335_contig869","BBIFBMJI_02633","GH10",2616,2372.143,928.807345,101
"A_obeuntis_BEC337","A_obeuntis_BEC337_contig1138","JMDPMEEB_02809","GH74",2004,1763.782,695.950207,53
"A_obeuntis_BEC337","A_obeuntis_BEC337_contig1260","JMDPMEEB_03118","GH5_4",1353,1112.782,395.449191,19
"A_obeuntis_BEC337","A_obeuntis_BEC337_contig1283","JMDPMEEB_03178","GT4",771,530.782,872.691858,20
"A_obeuntis_BEC337","A_obeuntis_BEC337_contig1411","JMDPMEEB_03484","GH95",2292,2051.782,632.126536,56
"A_obeuntis_BEC337","A_obeuntis_BEC337_contig154","JMDPMEEB_00390","GH13_9",294,84.579,821.4965,3
"A_obeuntis_BEC337","A_obeuntis_BEC337_contig1635","JMDPMEEB_04044","GH4",657,416.782,1611.521571,29
"A_obeuntis_BEC337","A_obeuntis_BEC337_contig1635","JMDPMEEB_04043","GH130_2",657,416.782,1611.521571,29
"A_obeuntis_BEC337","A_obeuntis_BEC337_contig1954","JMDPMEEB_04927","GT26",255,60.19,1154.365203,3
"A_obeuntis_BEC337","A_obeuntis_BEC337_contig2001","JMDPMEEB_05063","GT4",540,300.149,1311.776363,17
"A_obeuntis_BEC337","A_obeuntis_BEC337_contig2053","JMDPMEEB_05199","GH5_4",768,527.782,965.417619,22
"A_obeuntis_BEC337","A_obeuntis_BEC337_contig2319","JMDPMEEB_05875","GH2",1203,962.782,793.840315,33
"A_obeuntis_BEC337","A_obeuntis_BEC337_contig294","JMDPMEEB_00716","GH53",573,332.875,695.770223,10
"A_obeuntis_BEC337","A_obeuntis_BEC337_contig350","JMDPMEEB_00841","GH3",1764,1523.782,1063.952893,70
"A_obeuntis_BEC337","A_obeuntis_BEC337_contig401","JMDPMEEB_00968","GH10",1539,1298.782,945.119665,53
"A_obeuntis_BEC337","A_obeuntis_BEC337_contig404","JMDPMEEB_00972","GH57",1851,1610.782,891.460538,62
"A_obeuntis_BEC337","A_obeuntis_BEC337_contig533","JMDPMEEB_01275","GH9",2154,1913.782,1185.98943,98
"A_obeuntis_BEC337","A_obeuntis_BEC337_contig784","JMDPMEEB_01905","GH5_4",2238,1997.782,811.516125,70
"A_obeuntis_BEC337","A_obeuntis_BEC337_contig784","JMDPMEEB_01906","GH5_4",2238,1997.782,811.516125,70
"Amitermes_sp_BEC323","Amitermes_sp_BEC323_contig1063","BGJCNKOM_02962","GH13_9",192,27.923,540.408132,2
"Amitermes_sp_BEC323","Amitermes_sp_BEC323_contig1120","BGJCNKOM_03122","GT5",426,180.201,502.436019,12
"Amitermes_sp_BEC323","Amitermes_sp_BEC323_contig116","BGJCNKOM_00278","GH94",1176,922.109,245.468863,30
"Amitermes_sp_BEC323","Amitermes_sp_BEC323_contig1194","BGJCNKOM_03335","GH5_4",228,45.022,1508.261476,9
"Amitermes_sp_BEC323","Amitermes_sp_BEC323_contig1243","BGJCNKOM_03478","GT26",1227,973.109,798.607057,103
"Amitermes_sp_BEC323","Amitermes_sp_BEC323_contig1270","BGJCNKOM_03571","GH31_3",639,385.263,2095.478213,107
"Amitermes_sp_BEC323","Amitermes_sp_BEC323_contig141","BGJCNKOM_00341","GH3",846,592.112,242.106597,19
"Amitermes_sp_BEC323","Amitermes_sp_BEC323_contig1484","BGJCNKOM_04218","GH94",1497,1243.109,552.318451,91
"Amitermes_sp_BEC323","Amitermes_sp_BEC323_contig1569","BGJCNKOM_04461","GH10",336,109.047,1452.986223,21
"Amitermes_sp_BEC323","Amitermes_sp_BEC323_contig1595","BGJCNKOM_04545","GT51",2256,2002.109,825.303553,219
"Amitermes_sp_BEC323","Amitermes_sp_BEC323_contig1600","BGJCNKOM_04559","GH42",1461,1207.109,550.039094,88
"Amitermes_sp_BEC323","Amitermes_sp_BEC323_contig1665","BGJCNKOM_04707","CE9",1152,898.109,798.090203,95
"Amitermes_sp_BEC323","Amitermes_sp_BEC323_contig1705","BGJCNKOM_04886","GH13_29",321,98.54,2143.887096,28
"Amitermes_sp_BEC323","Amitermes_sp_BEC323_contig1815","BGJCNKOM_05201","GH43_1",603,349.536,820.256019,38
"Amitermes_sp_BEC323","Amitermes_sp_BEC323_contig1901","BGJCNKOM_05452","GH10",189,26.313,573.481867,2
"Amitermes_sp_BEC323","Amitermes_sp_BEC323_contig2041","BGJCNKOM_05793","GH77",1683,1429.109,200.620632,38
"Amitermes_sp_BEC323","Amitermes_sp_BEC323_contig2155","BGJCNKOM_06164","GT28",270,67.883,3334.416013,30
"Amitermes_sp_BEC323","Amitermes_sp_BEC323_contig2158","BGJCNKOM_06172","CE1",513,260.908,636.198582,22
"Amitermes_sp_BEC323","Amitermes_sp_BEC323_contig2265","BGJCNKOM_06503","GT35",1962,1708.109,198.771569,45
"Amitermes_sp_BEC323","Amitermes_sp_BEC323_contig2361","BGJCNKOM_06761","GH130_2",984,730.109,227.348586,22
"Amitermes_sp_BEC323","Amitermes_sp_BEC323_contig2386","BGJCNKOM_06827","GH5_4",504,252.349,298.989098,10
"Amitermes_sp_BEC323","Amitermes_sp_BEC323_contig2612","BGJCNKOM_07363","CBM61",474,224.026,235.752744,7
"Amitermes_sp_BEC323","Amitermes_sp_BEC323_contig2657","BGJCNKOM_07490","GT5",1473,1219.109,241.367861,39
"Amitermes_sp_BEC323","Amitermes_sp_BEC323_contig2765","BGJCNKOM_07762","GH3",255,59.423,1777.576116,14
"Amitermes_sp_BEC323","Amitermes_sp_BEC323_contig2999","BGJCNKOM_08342","GH130_2",255,59.423,1777.576116,14
"Amitermes_sp_BEC323","Amitermes_sp_BEC323_contig3007","BGJCNKOM_08380","GH9",1341,1087.109,145.748332,21
"Amitermes_sp_BEC323","Amitermes_sp_BEC323_contig3100","BGJCNKOM_08650","GH115",726,472.225,655.077329,41
"Amitermes_sp_BEC323","Amitermes_sp_BEC323_contig3186","BGJCNKOM_08871","GT28",474,224.026,471.505488,14
"Amitermes_sp_BEC323","Amitermes_sp_BEC323_contig321","BGJCNKOM_00830","GH5_4",1755,1501.109,216.129263,43
"Amitermes_sp_BEC323","Amitermes_sp_BEC323_contig3212","BGJCNKOM_08921","GT2_Glycos_transf_2",1050,796.109,540.206455,57
"Amitermes_sp_BEC323","Amitermes_sp_BEC323_contig3284","BGJCNKOM_09115","GH1",489,238.147,253.455592,8
"Amitermes_sp_BEC323","Amitermes_sp_BEC323_contig3302","BGJCNKOM_09152","GT35",2541,2287.109,268.822737,81.488
"Amitermes_sp_BEC323","Amitermes_sp_BEC323_contig3374","BGJCNKOM_09388","GH94",666,412.263,1189.585656,65
"Amitermes_sp_BEC323","Amitermes_sp_BEC323_contig3383","BGJCNKOM_09447","GH5_4",2091,1837.109,788.53982,192
"Amitermes_sp_BEC323","Amitermes_sp_BEC323_contig3383","BGJCNKOM_09448","GH5_4",2091,1837.109,788.53982,192
"Amitermes_sp_BEC323","Amitermes_sp_BEC323_contig3405","BGJCNKOM_09538","GH9",363,128.895,819.503224,14
"Amitermes_sp_BEC323","Amitermes_sp_BEC323_contig3405","BGJCNKOM_09541","GH5_52",363,128.895,819.503224,14
"Amitermes_sp_BEC323","Amitermes_sp_BEC323_contig3405","BGJCNKOM_09549","GH3",363,128.895,819.503224,14
"Amitermes_sp_BEC323","Amitermes_sp_BEC323_contig3414","BGJCNKOM_09586","GT5",1302,1048.109,755.858053,105
"Amitermes_sp_BEC323","Amitermes_sp_BEC323_contig3414","BGJCNKOM_09588","GT51",1302,1048.109,755.858053,105
"Amitermes_sp_BEC323","Amitermes_sp_BEC323_contig3414","BGJCNKOM_09591","GH9",1302,1048.109,755.858053,105
"Amitermes_sp_BEC323","Amitermes_sp_BEC323_contig3571","BGJCNKOM_10002","GT35",981,727.109,259.416602,25
"Amitermes_sp_BEC323","Amitermes_sp_BEC323_contig3651","BGJCNKOM_10200","GH77",354,122.255,925.722347,15
"Amitermes_sp_BEC323","Amitermes_sp_BEC323_contig3863","BGJCNKOM_10836","GH127",252,57.789,1175.042725,9
"Amitermes_sp_BEC323","Amitermes_sp_BEC323_contig3863","BGJCNKOM_10834","GH39",252,57.789,1175.042725,9
"Amitermes_sp_BEC323","Amitermes_sp_BEC323_contig3879","BGJCNKOM_10887","GT4",1671,1417.109,308.803412,58
"Amitermes_sp_BEC323","Amitermes_sp_BEC323_contig3942","BGJCNKOM_11054","GH67",300,85.854,878.816317,10
"Amitermes_sp_BEC323","Amitermes_sp_BEC323_contig4030","BGJCNKOM_11278","GT35",2208,1954.109,832.107191,215.512
"Amitermes_sp_BEC323","Amitermes_sp_BEC323_contig404","BGJCNKOM_01035","CBM37",222,42.35,2137.870868,12
"Amitermes_sp_BEC323","Amitermes_sp_BEC323_contig404","BGJCNKOM_01035","CBM37",222,42.35,2137.870868,12
"Amitermes_sp_BEC323","Amitermes_sp_BEC323_contig404","BGJCNKOM_01035","CBM37",222,42.35,2137.870868,12
"Amitermes_sp_BEC323","Amitermes_sp_BEC323_contig404","BGJCNKOM_01035","CBM37",222,42.35,2137.870868,12
"Amitermes_sp_BEC323","Amitermes_sp_BEC323_contig404","BGJCNKOM_01035","CBM37",222,42.35,2137.870868,12
"Amitermes_sp_BEC323","Amitermes_sp_BEC323_contig404","BGJCNKOM_01035","CBM37",222,42.35,2137.870868,12
"Amitermes_sp_BEC323","Amitermes_sp_BEC323_contig404","BGJCNKOM_01035","CBM37",222,42.35,2137.870868,12
"Amitermes_sp_BEC323","Amitermes_sp_BEC323_contig4042","BGJCNKOM_11312","GH127",1002,748.109,131.110035,13
"Amitermes_sp_BEC323","Amitermes_sp_BEC323_contig4305","BGJCNKOM_12009","GT5",582,328.671,252.516091,11
"Amitermes_sp_BEC323","Amitermes_sp_BEC323_contig4370","BGJCNKOM_12207","GH57",1098,844.109,670.378639,75
"Amitermes_sp_BEC323","Amitermes_sp_BEC323_contig4370","BGJCNKOM_12197","GH5_12",1098,844.109,670.378639,75
"Amitermes_sp_BEC323","Amitermes_sp_BEC323_contig4474","BGJCNKOM_12491","GH94",492,240.994,1502.770096,48
"Amitermes_sp_BEC323","Amitermes_sp_BEC323_contig4474","BGJCNKOM_12494","GH1",492,240.994,1502.770096,48
"Amitermes_sp_BEC323","Amitermes_sp_BEC323_contig4492","BGJCNKOM_12546","GT4",1782,1528.109,548.057329,111
"Amitermes_sp_BEC323","Amitermes_sp_BEC323_contig4496","BGJCNKOM_12559","GH3",807,553.112,300.100321,22
"Amitermes_sp_BEC323","Amitermes_sp_BEC323_contig4605","BGJCNKOM_12892","GT5",690,436.226,311.328253,18
"Amitermes_sp_BEC323","Amitermes_sp_BEC323_contig4613","BGJCNKOM_12913","GH3",1149,895.109,640.612033,76
"Amitermes_sp_BEC323","Amitermes_sp_BEC323_contig4618","BGJCNKOM_12930","GH39",993,739.109,214.372011,21
"Amitermes_sp_BEC323","Amitermes_sp_BEC323_contig4698","BGJCNKOM_13215","GH13_11",267,66.264,1252.488579,11
"Amitermes_sp_BEC323","Amitermes_sp_BEC323_contig4710","BGJCNKOM_13278","GH51_1",666,412.263,329.42372,18
"Amitermes_sp_BEC323","Amitermes_sp_BEC323_contig4901","BGJCNKOM_13788","GT2_Glycos_transf_2",1572,1318.109,560.960282,98
"Amitermes_sp_BEC323","Amitermes_sp_BEC323_contig4901","BGJCNKOM_13789","PL8",1572,1318.109,560.960282,98
"Amitermes_sp_BEC323","Amitermes_sp_BEC323_contig624","BGJCNKOM_01664","GH94",2385,2131.109,173.479327,49
"Amitermes_sp_BEC323","Amitermes_sp_BEC323_contig624","BGJCNKOM_01666","GH94",2385,2131.109,173.479327,49
"Amitermes_sp_BEC323","Amitermes_sp_BEC323_contig633","BGJCNKOM_01685","GH3",1107,853.109,265.322551,30
"Amitermes_sp_BEC323","Amitermes_sp_BEC323_contig646","BGJCNKOM_01724","GH10",1389,1135.109,764.394681,115
"Amitermes_sp_BEC323","Amitermes_sp_BEC323_contig646","BGJCNKOM_01722","CE20",1389,1135.109,764.394681,115
"Amitermes_sp_BEC323","Amitermes_sp_BEC323_contig646","BGJCNKOM_01720","GH5_39",1389,1135.109,764.394681,115
"Amitermes_sp_BEC323","Amitermes_sp_BEC323_contig646","BGJCNKOM_01725","GH30_10",1389,1135.109,764.394681,115
"Amitermes_sp_BEC323","Amitermes_sp_BEC323_contig646","BGJCNKOM_01726","GH2",1389,1135.109,764.394681,115
"Amitermes_sp_BEC323","Amitermes_sp_BEC323_contig646","BGJCNKOM_01722","CE20",1389,1135.109,764.394681,115
"Amitermes_sp_BEC323","Amitermes_sp_BEC323_contig741","BGJCNKOM_02020","GT4",2658,2404.109,260.484114,83
"Amitermes_sp_BEC323","Amitermes_sp_BEC323_contig741","BGJCNKOM_02020","GT4",2658,2404.109,260.484114,83
"Amitermes_sp_BEC323","Amitermes_sp_BEC323_contig822","BGJCNKOM_02262","GH43_35",723,469.225,546.708045,34
"Amitermes_sp_BEC323","Amitermes_sp_BEC323_contig823","BGJCNKOM_02280","GH57",774,520.112,928.410271,64
"Amitermes_sp_BEC323","Amitermes_sp_BEC323_contig967","BGJCNKOM_02698","GH130_2",1116,862.109,332.566767,38
"Amitermes_sp_BEC323","Amitermes_sp_BEC323_contig988","BGJCNKOM_02757","GT4",1119,865.109,148.263935,17
"Amitermes_sp_BEC334","Amitermes_sp_BEC334_contig293","GFFKOMEG_00594","GH3",1437,1203.651,2883.743056,31
"D_gayi_BEC328","D_gayi_BEC328_contig1015","FGKFLAFF_02475","GH3",2046,1784.357,792.906676,30
"D_gayi_BEC328","D_gayi_BEC328_contig104","FGKFLAFF_00262","GT2_Glycos_transf_2",483,222.569,1695.149531,8
"D_gayi_BEC328","D_gayi_BEC328_contig1165","FGKFLAFF_02833","GT1",597,335.357,1265.663253,9
"D_gayi_BEC328","D_gayi_BEC328_contig1272","FGKFLAFF_03112","GH94",1242,980.357,769.694508,16
"D_gayi_BEC328","D_gayi_BEC328_contig1358","FGKFLAFF_03320","GH13_31",864,602.357,1252.704986,16
"D_gayi_BEC328","D_gayi_BEC328_contig271","FGKFLAFF_00658","GH2",1512,1250.357,1659.591731,44
"D_gayi_BEC328","D_gayi_BEC328_contig282","FGKFLAFF_00683","GH10",699,437.357,862.654344,8
"D_gayi_BEC328","D_gayi_BEC328_contig282","FGKFLAFF_00684","GH5_36",699,437.357,862.654344,8
"D_gayi_BEC328","D_gayi_BEC328_contig440","FGKFLAFF_01078","GH53",1956,1694.357,1002.028684,36
"D_gayi_BEC328","D_gayi_BEC328_contig440","FGKFLAFF_01078","CBM61",1956,1694.357,1002.028684,36
"D_gayi_BEC328","D_gayi_BEC328_contig509","FGKFLAFF_01253","GT2_Glycos_transf_2",1170,908.357,1246.055394,24
"D_gayi_BEC328","D_gayi_BEC328_contig759","FGKFLAFF_01829","GH13_2",2280,2018.357,2430.065109,104
"D_gayi_BEC328","D_gayi_BEC328_contig759","FGKFLAFF_01830","GH13_20",2280,2018.357,2430.065109,104
"D_gayi_BEC328","D_gayi_BEC328_contig93","FGKFLAFF_00230","GT35",579,317.357,1040.238752,7
"D_gayi_BEC329","D_gayi_BEC329_contig1056","EEKEAEFC_02782","GH77",1464,1227.731,569.169174,54
"D_gayi_BEC329","D_gayi_BEC329_contig1193","EEKEAEFC_03168","GT4",639,402.731,353.450206,11
"D_gayi_BEC329","D_gayi_BEC329_contig1320","EEKEAEFC_03485","GH10",936,699.731,665.766969,36
"D_gayi_BEC329","D_gayi_BEC329_contig1502","EEKEAEFC_03955","GH36",993,756.731,530.116134,31
"D_gayi_BEC329","D_gayi_BEC329_contig1558","EEKEAEFC_04084","GT4",192,28.72,3154.073948,7
"D_gayi_BEC329","D_gayi_BEC329_contig1691","EEKEAEFC_04439","GH11",747,510.731,557.418453,22
"D_gayi_BEC329","D_gayi_BEC329_contig1694","EEKEAEFC_04448","GT17",159,12.357,2094.482037,2
"D_gayi_BEC329","D_gayi_BEC329_contig1715","EEKEAEFC_04513","GT35",927,690.731,430.893306,23
"D_gayi_BEC329","D_gayi_BEC329_contig1718","EEKEAEFC_04522","GH11",759,522.731,841.688782,34
"D_gayi_BEC329","D_gayi_BEC329_contig1718","EEKEAEFC_04523","GH11",759,522.731,841.688782,34
"D_gayi_BEC329","D_gayi_BEC329_contig177","EEKEAEFC_00396","GH77",1107,870.731,356.679445,24
"D_gayi_BEC329","D_gayi_BEC329_contig2013","EEKEAEFC_05300","GH94",2490,2253.731,533.988234,93
"D_gayi_BEC329","D_gayi_BEC329_contig230","EEKEAEFC_00550","GH11",528,292.255,3763.640435,85
"D_gayi_BEC329","D_gayi_BEC329_contig2470","EEKEAEFC_06597","GH13_31",1617,1380.731,618.565493,66
"D_gayi_BEC329","D_gayi_BEC329_contig2482","EEKEAEFC_06623","GT5",768,531.731,462.394327,19
"D_gayi_BEC329","D_gayi_BEC329_contig2486","EEKEAEFC_06633","GT4",1155,918.731,662.00357,47
"D_gayi_BEC329","D_gayi_BEC329_contig2501","EEKEAEFC_06683","GH5_40",1290,1053.731,454.383765,37
"D_gayi_BEC329","D_gayi_BEC329_contig2686","EEKEAEFC_07141","GH11",1926,1689.731,428.865666,56
"D_gayi_BEC329","D_gayi_BEC329_contig2686","EEKEAEFC_07142","GH11",1926,1689.731,428.865666,56
"D_gayi_BEC329","D_gayi_BEC329_contig2757","EEKEAEFC_07350","GH13_9",1485,1248.731,538.871584,52
"D_gayi_BEC329","D_gayi_BEC329_contig2784","EEKEAEFC_07411","GH5_4",1224,987.731,720.567792,55
"D_gayi_BEC329","D_gayi_BEC329_contig281","EEKEAEFC_00698","GH5_52",780,543.731,1404.167098,59
"D_gayi_BEC329","D_gayi_BEC329_contig2875","EEKEAEFC_07706","GT2_Glycos_transf_2",435,202.837,1275.952051,20
"D_gayi_BEC329","D_gayi_BEC329_contig2884","EEKEAEFC_07726","GT35",2217,1980.731,522.655239,80
"D_gayi_BEC329","D_gayi_BEC329_contig3096","EEKEAEFC_08301","GT4",2523,2286.731,645.120124,114
"D_gayi_BEC329","D_gayi_BEC329_contig3096","EEKEAEFC_08302","GT4",2523,2286.731,645.120124,114
"D_gayi_BEC329","D_gayi_BEC329_contig3181","EEKEAEFC_08552","GH39",1656,1419.731,510.426002,56
"D_gayi_BEC329","D_gayi_BEC329_contig3222","EEKEAEFC_08646","GH43_1",1503,1266.731,715.096204,70
"D_gayi_BEC329","D_gayi_BEC329_contig3222","EEKEAEFC_08645","GH127",1503,1266.731,715.096204,70
"D_gayi_BEC329","D_gayi_BEC329_contig3288","EEKEAEFC_08811","GT10",1065,828.731,359.141093,23
"D_gayi_BEC329","D_gayi_BEC329_contig3328","EEKEAEFC_08911","GH57",651,414.731,592.840686,19
"D_gayi_BEC329","D_gayi_BEC329_contig3409","EEKEAEFC_09158","GH2",1707,1470.731,615.907682,70
"D_gayi_BEC329","D_gayi_BEC329_contig3410","EEKEAEFC_09159","GH3",1713,1476.731,718.560414,82
"D_gayi_BEC329","D_gayi_BEC329_contig3693","EEKEAEFC_09836","GT2_Glycos_transf_2",1491,1254.731,680.681802,66
"D_gayi_BEC329","D_gayi_BEC329_contig3726","EEKEAEFC_09915","GT4",861,624.731,455.701533,22
"D_gayi_BEC329","D_gayi_BEC329_contig3728","EEKEAEFC_09918","GH13_11",1107,870.731,564.742454,38
"D_gayi_BEC329","D_gayi_BEC329_contig4032","EEKEAEFC_10703","GH13_11",258,65.104,993.829531,5
"D_gayi_BEC329","D_gayi_BEC329_contig4176","EEKEAEFC_11130","GH94",669,432.731,358.850977,12
"D_gayi_BEC329","D_gayi_BEC329_contig4215","EEKEAEFC_11232","GH10",1284,1047.731,370.529081,30
"D_gayi_BEC329","D_gayi_BEC329_contig4219","EEKEAEFC_11256","GH11",252,61.444,1053.029401,5
"D_gayi_BEC329","D_gayi_BEC329_contig4219","EEKEAEFC_11255","GH11",252,61.444,1053.029401,5
"D_gayi_BEC329","D_gayi_BEC329_contig4315","EEKEAEFC_11502","GH57",561,325.099,557.267559,14
"D_gayi_BEC329","D_gayi_BEC329_contig464","EEKEAEFC_01217","GH13_20",165,15.575,1661.662449,2
"D_gayi_BEC329","D_gayi_BEC329_contig474","EEKEAEFC_01247","GH3",369,145.174,267.412845,3
"D_gayi_BEC329","D_gayi_BEC329_contig713","EEKEAEFC_01876","GH13_11",1953,1716.731,768.862617,102
"D_gayi_BEC329","D_gayi_BEC329_contig885","EEKEAEFC_02344","GH20",513,277.716,559.153118,12
"D_gayi_BEC329","D_gayi_BEC329_contig961","EEKEAEFC_02521","GH3",606,369.733,524.992925,15
"D_gayi_BEC329","D_gayi_BEC329_contig991","EEKEAEFC_02613","CE9",1173,936.731,566.395517,41
"D_gayi_BEC330","D_gayi_BEC330_contig1020","BAMMKMGO_02709","GH4",453,206.834,1783.187328,7
"D_gayi_BEC330","D_gayi_BEC330_contig1271","BAMMKMGO_03403","GT2_Glycos_transf_2",993,743.954,3257.867819,46
"D_gayi_BEC330","D_gayi_BEC330_contig191","BAMMKMGO_00490","GT4",615,365.954,2735.577476,19
"D_gayi_BEC330","D_gayi_BEC330_contig284","BAMMKMGO_00754","GH31_3",1974,1724.954,1832.716671,60
"D_gayi_BEC330","D_gayi_BEC330_contig392","BAMMKMGO_01037","GH9",453,206.834,2292.669422,9
"D_gayi_BEC330","D_gayi_BEC330_contig592","BAMMKMGO_01562","GH16",501,252.393,1878.825466,9
"D_gayi_BEC330","D_gayi_BEC330_contig610","BAMMKMGO_01619","GH43_35",1173,923.954,1767.799539,31
"D_gayi_BEC330","D_gayi_BEC330_contig649","BAMMKMGO_01712","GH13_9",1989,1739.954,1877.480867,62
"D_gayi_BEC330","D_gayi_BEC330_contig777","BAMMKMGO_02052","GH77",1209,959.954,1646.616635,30
"D_gayi_BEC330","D_gayi_BEC330_contig777","BAMMKMGO_02053","GT35",1209,959.954,1646.616635,30
"D_gayi_BEC330","D_gayi_BEC330_contig777","BAMMKMGO_02055","GT5",1209,959.954,1646.616635,30
"D_gayi_BEC330","D_gayi_BEC330_contig777","BAMMKMGO_02054","GH13_39",1209,959.954,1646.616635,30
"D_gayi_BEC330","D_gayi_BEC330_contig835","BAMMKMGO_02209","GT8",2244,1994.954,1584.674066,60
"D_gayi_BEC330","D_gayi_BEC330_contig835","BAMMKMGO_02206","GT8",2244,1994.954,1584.674066,60
"D_gayi_BEC330","D_gayi_BEC330_contig835","BAMMKMGO_02206","GT111",2244,1994.954,1584.674066,60
"D_perniger_BEC341","D_perniger_BEC341_contig1015","MBODKLHG_02758","GH1",1308,1055.13,2388.94578,65
"D_perniger_BEC341","D_perniger_BEC341_contig1070","MBODKLHG_02955","CBM61",852,599.13,1553.42043,24
"D_perniger_BEC341","D_perniger_BEC341_contig1070","MBODKLHG_02955","CBM61",852,599.13,1553.42043,24
"D_perniger_BEC341","D_perniger_BEC341_contig1197","MBODKLHG_03293","GH130_2",1017,764.13,1319.486556,26
"D_perniger_BEC341","D_perniger_BEC341_contig1283","MBODKLHG_03534","GH2",210,33.781,9183.766246,8
"D_perniger_BEC341","D_perniger_BEC341_contig1461","MBODKLHG_04046","GH43_26",297,79.874,2427.530387,5
"D_perniger_BEC341","D_perniger_BEC341_contig1461","MBODKLHG_04045","GH93",297,79.874,2427.530387,5
"D_perniger_BEC341","D_perniger_BEC341_contig1461","MBODKLHG_04045","CBM13",297,79.874,2427.530387,5
"D_perniger_BEC341","D_perniger_BEC341_contig1476","MBODKLHG_04082","GH4",732,479.13,971.240263,12
"D_perniger_BEC341","D_perniger_BEC341_contig149","MBODKLHG_00428","GT4",426,181.839,3412.173567,16
"D_perniger_BEC341","D_perniger_BEC341_contig1736","MBODKLHG_04798","GH43_1",444,197.963,783.566349,4
"D_perniger_BEC341","D_perniger_BEC341_contig1800","MBODKLHG_04993","GT4",312,89.636,3461.053206,8
"D_perniger_BEC341","D_perniger_BEC341_contig33","MBODKLHG_00085","GH65",2145,1892.13,1045.245131,51
"D_perniger_BEC341","D_perniger_BEC341_contig342","MBODKLHG_00946","GH94",960,707.13,1261.326254,23
"D_perniger_BEC341","D_perniger_BEC341_contig353","MBODKLHG_00993","GH13_39",879,626.13,1176.760094,19
"D_perniger_BEC341","D_perniger_BEC341_contig397","MBODKLHG_01120","GH2",522,271.643,1427.582239,10
"D_perniger_BEC341","D_perniger_BEC341_contig6","MBODKLHG_00014","GH13_9",1188,935.13,953.794342,23
"D_perniger_BEC341","D_perniger_BEC341_contig63","MBODKLHG_00212","GH30_1",261,57.899,1339.541259,2
"D_perniger_BEC341","D_perniger_BEC341_contig63","MBODKLHG_00211","GH149",261,57.899,1339.541259,2
"D_perniger_BEC341","D_perniger_BEC341_contig695","MBODKLHG_01885","GH3",1842,1589.13,1000.514459,41
"D_perniger_BEC341","D_perniger_BEC341_contig739","MBODKLHG_02011","GH3",2403,2150.13,1226.431083,68
"D_perniger_BEC341","D_perniger_BEC341_contig806","MBODKLHG_02179","GH4",150,8.088,14383.545126,3
"D_perniger_BEC341","D_perniger_BEC341_contig894","MBODKLHG_02418","GT2_Glyco_tranf_2_3",123,2.024,0,0
"D_perniger_BEC342","D_perniger_BEC342_contig1041","HODPDLAL_03137","GH77",2022,1768.258,1343.8623,56
"D_perniger_BEC342","D_perniger_BEC342_contig1065","HODPDLAL_03207","GH9",2166,1912.258,1553.330708,70
"D_perniger_BEC342","D_perniger_BEC342_contig1068","HODPDLAL_03230","GH5_4",681,427.258,1589.066929,16
"D_perniger_BEC342","D_perniger_BEC342_contig1200","HODPDLAL_03603","GH31_3",861,607.258,1607.189134,23
"D_perniger_BEC342","D_perniger_BEC342_contig1359","HODPDLAL_04040","GH16",822,568.258,1717.491816,23
"D_perniger_BEC342","D_perniger_BEC342_contig1394","HODPDLAL_04136","GH115",2277,2023.258,1489.084888,71
"D_perniger_BEC342","D_perniger_BEC342_contig1394","HODPDLAL_04136","GH115",2277,2023.258,1489.084888,71
"D_perniger_BEC342","D_perniger_BEC342_contig1403","HODPDLAL_04169","GH11",978,724.258,2109.218593,36
"D_perniger_BEC342","D_perniger_BEC342_contig1445","HODPDLAL_04264","GH13_11",336,110.473,3457.000213,9
"D_perniger_BEC342","D_perniger_BEC342_contig1445","HODPDLAL_04265","GH13_11",336,110.473,3457.000213,9
"D_perniger_BEC342","D_perniger_BEC342_contig1480","HODPDLAL_04368","GT4",1032,778.258,1145.006865,21
"D_perniger_BEC342","D_perniger_BEC342_contig1492","HODPDLAL_04391","GT2_Glycos_transf_2",1029,775.258,1423.113311,26
"D_perniger_BEC342","D_perniger_BEC342_contig225","HODPDLAL_00700","GH5_4",147,7.935,21389.507098,4
"D_perniger_BEC342","D_perniger_BEC342_contig283","HODPDLAL_00866","GH13_31",411,166.778,1781.036824,7
"D_perniger_BEC342","D_perniger_BEC342_contig423","HODPDLAL_01260","GH11",966,712.258,1548.98925,26
"D_perniger_BEC342","D_perniger_BEC342_contig445","HODPDLAL_01314","GH5_4",564,310.345,1367.31082,10
"D_perniger_BEC342","D_perniger_BEC342_contig459","HODPDLAL_01355","GH5_12",675,421.258,3122.668936,31
"D_perniger_BEC342","D_perniger_BEC342_contig503","HODPDLAL_01513","GT26",1239,985.258,1851.956876,43
"D_perniger_BEC342","D_perniger_BEC342_contig550","HODPDLAL_01681","GH5_4",741,487.258,1654.653366,19
"D_perniger_BEC342","D_perniger_BEC342_contig554","HODPDLAL_01693","CE1",807,553.258,1994.151021,26
"D_perniger_BEC342","D_perniger_BEC342_contig555","HODPDLAL_01698","GH43_1",249,54.935,2317.293098,3
"D_perniger_BEC342","D_perniger_BEC342_contig608","HODPDLAL_01842","GT2_Glycos_transf_2",306,89.723,1891.769096,4
"D_perniger_BEC342","D_perniger_BEC342_contig609","HODPDLAL_01846","GT2_Glycos_transf_2",837,583.258,1673.322033,23
"D_perniger_BEC342","D_perniger_BEC342_contig664","HODPDLAL_02019","GH127",687,433.258,2056.767085,21
"D_perniger_BEC342","D_perniger_BEC342_contig687","HODPDLAL_02111","GT1",393,151.6,2239.253379,8
"D_perniger_BEC342","D_perniger_BEC342_contig746","HODPDLAL_02290","GT2_Glycos_transf_2",678,424.258,1000.189682,10
"D_perniger_BEC342","D_perniger_BEC342_contig77","HODPDLAL_00223","GH10",1254,1000.258,1569.647289,37
"D_perniger_BEC342","D_perniger_BEC342_contig781","HODPDLAL_02379","GH5_4",645,391.258,1952.188224,18
"D_perniger_BEC342","D_perniger_BEC342_contig793","HODPDLAL_02401","GH94",1428,1174.258,1445.469208,40
"D_perniger_BEC342","D_perniger_BEC342_contig916","HODPDLAL_02749","GH13_31",294,82.121,3617.066943,7
"D_perniger_BEC342","D_perniger_BEC342_contig981","HODPDLAL_02953","GT51",246,53.563,1584.435849,2
"D_perniger_BEC343","D_perniger_BEC343_contig1026","INPGOGNB_03142","PL1_2",2043,1810.835,1343.583012,73
"D_perniger_BEC343","D_perniger_BEC343_contig1026","INPGOGNB_03143","GH43_4",2043,1810.835,1343.583012,73
"D_perniger_BEC343","D_perniger_BEC343_contig1058","INPGOGNB_03241","GH94",660,427.835,2103.333089,27
"D_perniger_BEC343","D_perniger_BEC343_contig1069","INPGOGNB_03288","GH55_1",1614,1381.835,1085.367608,45
"D_perniger_BEC343","D_perniger_BEC343_contig1147","INPGOGNB_03584","GH94",2415,2182.835,2076.531481,136
"D_perniger_BEC343","D_perniger_BEC343_contig1225","INPGOGNB_03827","GT51",1143,910.835,1975.943837,54
"D_perniger_BEC343","D_perniger_BEC343_contig30","INPGOGNB_00085","CBM11",2184,1951.835,2390.59197,140
"D_perniger_BEC343","D_perniger_BEC343_contig30","INPGOGNB_00085","GH51_3",2184,1951.835,2390.59197,140
"D_perniger_BEC343","D_perniger_BEC343_contig30","INPGOGNB_00085","CBM11",2184,1951.835,2390.59197,140
"D_perniger_BEC343","D_perniger_BEC343_contig313","INPGOGNB_00880","GH9",540,307.984,2164.322693,20
"D_perniger_BEC343","D_perniger_BEC343_contig486","INPGOGNB_01383","GH94",1605,1372.835,606.93502,25
"D_perniger_BEC343","D_perniger_BEC343_contig507","INPGOGNB_01491","GT5",1473,1240.835,2444.262765,91
"D_perniger_BEC343","D_perniger_BEC343_contig55","INPGOGNB_00167","GH57",1347,1114.835,1494.789189,50
"D_perniger_BEC343","D_perniger_BEC343_contig611","INPGOGNB_01787","PL11_1",3288,3055.835,2083.166489,191
"D_perniger_BEC343","D_perniger_BEC343_contig706","INPGOGNB_02054","GT35",2553,2320.835,2225.911799,155
"D_perniger_BEC343","D_perniger_BEC343_contig709","INPGOGNB_02060","GH5_10",591,358.844,2136.202914,23
"D_perniger_BEC343","D_perniger_BEC343_contig712","INPGOGNB_02066","GH13_9",2208,1975.835,2125.398613,126
"D_perniger_BEC343","D_perniger_BEC343_contig724","INPGOGNB_02115","GH74",2550,2317.835,1768.654949,123
"D_perniger_BEC343","D_perniger_BEC343_contig724","INPGOGNB_02115","GH74",2550,2317.835,1768.654949,123
"D_perniger_BEC343","D_perniger_BEC343_contig822","INPGOGNB_02423","GH13_3",276,76.198,3061.784077,7
"D_perniger_BEC343","D_perniger_BEC343_contig888","INPGOGNB_02662","GT35",2400,2167.835,2167.771034,141
"D_perniger_BEC344","D_perniger_BEC344_contig1000","ECDFAPKN_02580","CE2",813,567.078,2532.871331,44
"D_perniger_BEC344","D_perniger_BEC344_contig1029","ECDFAPKN_02679","GH5_4",459,217.392,1501.618363,10
"D_perniger_BEC344","D_perniger_BEC344_contig1217","ECDFAPKN_03200","GH10",2046,1800.078,1178.759565,65
"D_perniger_BEC344","D_perniger_BEC344_contig1369","ECDFAPKN_03587","GH52",330,108.515,1804.940722,6
"D_perniger_BEC344","D_perniger_BEC344_contig1424","ECDFAPKN_03781","GH43_16",1014,768.078,1870.038643,44
"D_perniger_BEC344","D_perniger_BEC344_contig1443","ECDFAPKN_03847","GH5_2",2088,1842.078,1151.883448,65
"D_perniger_BEC344","D_perniger_BEC344_contig148","ECDFAPKN_00430","GH13_3",1308,1062.078,1260.174416,41
"D_perniger_BEC344","D_perniger_BEC344_contig16","ECDFAPKN_00039","GH3",771,525.078,1927.263643,31
"D_perniger_BEC344","D_perniger_BEC344_contig176","ECDFAPKN_00502","GH5_2",2055,1809.078,1227.028974,68
"D_perniger_BEC344","D_perniger_BEC344_contig268","ECDFAPKN_00749","GT5",1473,1227.078,1755.799717,66
"D_perniger_BEC344","D_perniger_BEC344_contig303","ECDFAPKN_00842","GH57",240,52.187,3753.110002,6
"D_perniger_BEC344","D_perniger_BEC344_contig311","ECDFAPKN_00861","GT2_Glycos_transf_2",798,552.078,1833.008614,31
"D_perniger_BEC344","D_perniger_BEC344_contig323","ECDFAPKN_00881","GT35",1785,1539.078,805.983531,38
"D_perniger_BEC344","D_perniger_BEC344_contig344","ECDFAPKN_00947","GH9",1872,1626.078,1365.119715,68
"D_perniger_BEC344","D_perniger_BEC344_contig377","ECDFAPKN_01033","GH8",1269,1023.078,1499.658344,47
"D_perniger_BEC344","D_perniger_BEC344_contig417","ECDFAPKN_01126","GT2_Glycos_transf_2",447,206.121,1742.10314,11
"D_perniger_BEC344","D_perniger_BEC344_contig417","ECDFAPKN_01124","GT2_Glycos_transf_2",447,206.121,1742.10314,11
"D_perniger_BEC344","D_perniger_BEC344_contig447","ECDFAPKN_01198","GH94",135,1.575,20724.883313,1
"D_perniger_BEC344","D_perniger_BEC344_contig462","ECDFAPKN_01227","GT111",486,242.345,1751.104157,13
"D_perniger_BEC344","D_perniger_BEC344_contig653","ECDFAPKN_01713","GH57",1326,1080.078,997.383165,33
"D_perniger_BEC344","D_perniger_BEC344_contig673","ECDFAPKN_01762","GT35",516,271.638,1562.268464,13
"D_perniger_BEC344","D_perniger_BEC344_contig694","ECDFAPKN_01812","GH13_9",1488,1242.078,1866.004504,71
"D_perniger_BEC344","D_perniger_BEC344_contig739","ECDFAPKN_01943","GT104",558,312.937,1043.148597,10
"D_perniger_BEC344","D_perniger_BEC344_contig768","ECDFAPKN_01998","GH9",498,254.054,1284.924858,10
"D_perniger_BEC344","D_perniger_BEC344_contig941","ECDFAPKN_02425","GH106",885,639.078,1021.596439,20
"D_perniger_BEC345","D_perniger_BEC345_contig196","PJGCMPHH_00435","GH106",1746,1507.033,2699.557,37
"D_perniger_BEC345","D_perniger_BEC345_contig256","PJGCMPHH_00546","GH31_4",1746,1507.033,2407.713,33
"D_perniger_BEC345","D_perniger_BEC345_contig315","PJGCMPHH_00665","GH2",1302,1063.033,4861.43689,47
"D_perniger_BEC345","D_perniger_BEC345_contig323","PJGCMPHH_00679","GH5_4",708,469.033,2109.855218,9
"D_perniger_BEC345","D_perniger_BEC345_contig361","PJGCMPHH_00745","GH5_4",876,637.033,2071.251607,12
"D_perniger_BEC346","D_perniger_BEC346_contig1095","FJPGOODP_02758","GH94",342,120.203,2562.633108,12
"D_perniger_BEC346","D_perniger_BEC346_contig1220","FJPGOODP_03065","GT2_Glycos_transf_2",2214,1971.503,351.551167,27
"D_perniger_BEC346","D_perniger_BEC346_contig1220","FJPGOODP_03065","GT2_Glycos_transf_2",2214,1971.503,351.551167,27
"D_perniger_BEC346","D_perniger_BEC346_contig1276","FJPGOODP_03194","CBM11",858,615.503,917.518099,22
"D_perniger_BEC346","D_perniger_BEC346_contig1276","FJPGOODP_03193","CBM11",858,615.503,917.518099,22
"D_perniger_BEC346","D_perniger_BEC346_contig1276","FJPGOODP_03194","CBM11",858,615.503,917.518099,22
"D_perniger_BEC346","D_perniger_BEC346_contig1276","FJPGOODP_03193","CBM30",858,615.503,917.518099,22
"D_perniger_BEC346","D_perniger_BEC346_contig1276","FJPGOODP_03194","GH51_3",858,615.503,917.518099,22
"D_perniger_BEC346","D_perniger_BEC346_contig1668","FJPGOODP_04099","GH11",681,438.668,643.692869,11
"D_perniger_BEC346","D_perniger_BEC346_contig1785","FJPGOODP_04389","GH16",474,234.952,874.045148,8
"D_perniger_BEC346","D_perniger_BEC346_contig1959","FJPGOODP_04783","GH10",273,71.049,2167.787135,6
"D_perniger_BEC346","D_perniger_BEC346_contig2060","FJPGOODP_05003","GH8",1467,1224.503,1069.134933,51
"D_perniger_BEC346","D_perniger_BEC346_contig2169","FJPGOODP_05266","GH44",1626,1383.503,1354.456182,73
"D_perniger_BEC346","D_perniger_BEC346_contig2341","FJPGOODP_05687","GT2_Glycos_transf_2",1119,876.503,585.731743,20
"D_perniger_BEC346","D_perniger_BEC346_contig2429","FJPGOODP_05892","GH13_9",2295,2052.503,1175.618134,94
"D_perniger_BEC346","D_perniger_BEC346_contig296","FJPGOODP_00762","GH115",624,381.668,941.595144,14
"D_perniger_BEC346","D_perniger_BEC346_contig479","FJPGOODP_01191","GH13_9",2163,1920.503,842.069196,63
"D_perniger_BEC346","D_perniger_BEC346_contig751","FJPGOODP_01852","GH5",1185,942.503,1089.430245,40
"D_perniger_BEC346","D_perniger_BEC346_contig788","FJPGOODP_01950","GT2_Glycos_transf_2",1299,1056.503,1214.84664,50
"D_perniger_BEC346","D_perniger_BEC346_contig84","FJPGOODP_00238","GH77",903,660.503,893.871691,23
"D_perniger_BEC346","D_perniger_BEC346_contig900","FJPGOODP_02225","CE2",216,39.975,4495.03384,7
"D_perniger_BEC346","D_perniger_BEC346_contig926","FJPGOODP_02288","GH16",870,627.503,654.525109,16
"D_perniger_BEC347","D_perniger_BEC347_contig1074","ANAPPLGG_03184","GH45_1",2790,2551.727,678.32461,134
"D_perniger_BEC347","D_perniger_BEC347_contig1111","ANAPPLGG_03288","GT28",261,63.792,809.956245,4
"D_perniger_BEC347","D_perniger_BEC347_contig1136","ANAPPLGG_03355","GH9",1878,1639.727,559.311572,71
"D_perniger_BEC347","D_perniger_BEC347_contig1191","ANAPPLGG_03491","GT4",2892,2653.727,564.636214,116
"D_perniger_BEC347","D_perniger_BEC347_contig1301","ANAPPLGG_03850","GH3",819,580.727,511.59103,23
"D_perniger_BEC347","D_perniger_BEC347_contig1345","ANAPPLGG_04002","CE9",438,203.334,1207.00729,19
"D_perniger_BEC347","D_perniger_BEC347_contig1494","ANAPPLGG_04419","GH115",222,43.665,2070.757939,7
"D_perniger_BEC347","D_perniger_BEC347_contig1494","ANAPPLGG_04420","GH43_35",222,43.665,2070.757939,7
"D_perniger_BEC347","D_perniger_BEC347_contig1505","ANAPPLGG_04447","GT2_Glycos_transf_2",960,721.727,590.619879,33
"D_perniger_BEC347","D_perniger_BEC347_contig1646","ANAPPLGG_04882","GH95",2268,2029.727,426.387208,67
"D_perniger_BEC347","D_perniger_BEC347_contig1682","ANAPPLGG_04972","GH18",660,421.727,520.696521,17
"D_perniger_BEC347","D_perniger_BEC347_contig171","ANAPPLGG_00490","GT2_Glycos_transf_2",1026,787.727,573.930594,35
"D_perniger_BEC347","D_perniger_BEC347_contig1747","ANAPPLGG_05173","GT28",897,658.727,607.887641,31
"D_perniger_BEC347","D_perniger_BEC347_contig2017","ANAPPLGG_06015","GH5_25",399,167.722,616.121191,8
"D_perniger_BEC347","D_perniger_BEC347_contig2037","ANAPPLGG_06060","GH3",2817,2578.727,460.839232,92
"D_perniger_BEC347","D_perniger_BEC347_contig2074","ANAPPLGG_06166","GH13_11",1161,922.727,601.95257,43
"D_perniger_BEC347","D_perniger_BEC347_contig214","ANAPPLGG_00616","GH43_1",192,28.713,449.871422,1
"D_perniger_BEC347","D_perniger_BEC347_contig2146","ANAPPLGG_06397","GH2",420,186.748,415.012796,6
"D_perniger_BEC347","D_perniger_BEC347_contig2188","ANAPPLGG_06502","GH127",1983,1744.727,429.405411,58
"D_perniger_BEC347","D_perniger_BEC347_contig2319","ANAPPLGG_06895","GH42",1350,1111.727,336.951097,29
"D_perniger_BEC347","D_perniger_BEC347_contig2323","ANAPPLGG_06905","GT35",2550,2311.727,597.880268,107
"D_perniger_BEC347","D_perniger_BEC347_contig2356","ANAPPLGG_06987","GH179",654,415.727,434.997708,14
"D_perniger_BEC347","D_perniger_BEC347_contig2395","ANAPPLGG_07098","GT2_Glycos_transf_2",1251,1012.727,994.876681,78
"D_perniger_BEC347","D_perniger_BEC347_contig2395","ANAPPLGG_07095","GT2_Glycos_transf_2",1251,1012.727,994.876681,78
"D_perniger_BEC347","D_perniger_BEC347_contig2395","ANAPPLGG_07101","GT2_Glycos_transf_2",1251,1012.727,994.876681,78
"D_perniger_BEC347","D_perniger_BEC347_contig2395","ANAPPLGG_07100","GT2_Glycos_transf_2",1251,1012.727,994.876681,78
"D_perniger_BEC347","D_perniger_BEC347_contig2395","ANAPPLGG_07102","GT2_Glycos_transf_2",1251,1012.727,994.876681,78
"D_perniger_BEC347","D_perniger_BEC347_contig2395","ANAPPLGG_07099","GT2_Glycos_transf_2",1251,1012.727,994.876681,78
"D_perniger_BEC347","D_perniger_BEC347_contig2395","ANAPPLGG_07095","GT8",1251,1012.727,994.876681,78
"D_perniger_BEC347","D_perniger_BEC347_contig2484","ANAPPLGG_07415","GH13_31",357,131.834,979.804809,10
"D_perniger_BEC347","D_perniger_BEC347_contig2518","ANAPPLGG_07517","GT5",1473,1234.727,638.154611,61
"D_perniger_BEC347","D_perniger_BEC347_contig252","ANAPPLGG_00737","GH51_3",168,17.416,2225.085502,3
"D_perniger_BEC347","D_perniger_BEC347_contig252","ANAPPLGG_00737","CBM11",168,17.416,2225.085502,3
"D_perniger_BEC347","D_perniger_BEC347_contig256","ANAPPLGG_00746","GT2_Glycos_transf_2",945,706.727,767.652525,42
"D_perniger_BEC347","D_perniger_BEC347_contig258","ANAPPLGG_00751","GT2_Glycos_transf_2",975,736.727,490.928806,28
"D_perniger_BEC347","D_perniger_BEC347_contig2622","ANAPPLGG_07896","GH127",1998,1759.727,609.255972,83
"D_perniger_BEC347","D_perniger_BEC347_contig2661","ANAPPLGG_08006","GH127",1383,1144.727,575.486682,51
"D_perniger_BEC347","D_perniger_BEC347_contig2661","ANAPPLGG_08007","GH43_2",1383,1144.727,575.486682,51
"D_perniger_BEC347","D_perniger_BEC347_contig2667","ANAPPLGG_08025","GH13_31",294,84.949,760.290575,5
"D_perniger_BEC347","D_perniger_BEC347_contig2754","ANAPPLGG_08263","GT8",2046,1807.727,350.130734,49
"D_perniger_BEC347","D_perniger_BEC347_contig2754","ANAPPLGG_08281","GT2_Glycos_transf_2",2046,1807.727,350.130734,49
"D_perniger_BEC347","D_perniger_BEC347_contig2754","ANAPPLGG_08277","GT2_Glycos_transf_2",2046,1807.727,350.130734,49
"D_perniger_BEC347","D_perniger_BEC347_contig2754","ANAPPLGG_08262","GT2_Glyco_tranf_2_5",2046,1807.727,350.130734,49
"D_perniger_BEC347","D_perniger_BEC347_contig2924","ANAPPLGG_08874","GH31_3",831,592.727,893.503475,41
"D_perniger_BEC347","D_perniger_BEC347_contig2975","ANAPPLGG_09041","GH57",945,706.727,584.878114,32
"D_perniger_BEC347","D_perniger_BEC347_contig3007","ANAPPLGG_09140","GH30_10",699,460.727,532.693111,19
"D_perniger_BEC347","D_perniger_BEC347_contig3007","ANAPPLGG_09139","GH30_10",699,460.727,532.693111,19
"D_perniger_BEC347","D_perniger_BEC347_contig3116","ANAPPLGG_09481","GT19",879,640.727,806.406565,40
"D_perniger_BEC347","D_perniger_BEC347_contig3122","ANAPPLGG_09496","GH3",2490,2251.727,435.978272,76
"D_perniger_BEC347","D_perniger_BEC347_contig315","ANAPPLGG_00938","GT35",561,322.843,520.138609,13
"D_perniger_BEC347","D_perniger_BEC347_contig3160","ANAPPLGG_09591","GH5_4",816,577.727,514.247602,23
"D_perniger_BEC347","D_perniger_BEC347_contig3181","ANAPPLGG_09656","GH30_10",1551,1312.727,442.797452,45
"D_perniger_BEC347","D_perniger_BEC347_contig3269","ANAPPLGG_09904","GH3",522,284.261,999.707443,22
"D_perniger_BEC347","D_perniger_BEC347_contig3369","ANAPPLGG_10183","GT35",2400,2161.727,591.563457,99
"D_perniger_BEC347","D_perniger_BEC347_contig3379","ANAPPLGG_10211","GH94",1965,1726.727,456.323838,61
"D_perniger_BEC347","D_perniger_BEC347_contig345","ANAPPLGG_01029","GH5_4",798,559.727,369.241779,16
"D_perniger_BEC347","D_perniger_BEC347_contig3483","ANAPPLGG_10533","GH30_1",909,670.727,442.944312,23
"D_perniger_BEC347","D_perniger_BEC347_contig3493","ANAPPLGG_10566","GH26",303,90.98,283.956988,2
"D_perniger_BEC347","D_perniger_BEC347_contig3493","ANAPPLGG_10568","GH5_10",303,90.98,283.956988,2
"D_perniger_BEC347","D_perniger_BEC347_contig3493","ANAPPLGG_10567","GH26",303,90.98,283.956988,2
"D_perniger_BEC347","D_perniger_BEC347_contig3493","ANAPPLGG_10569","GH5_36",303,90.98,283.956988,2
"D_perniger_BEC347","D_perniger_BEC347_contig3516","ANAPPLGG_10660","GT51",2166,1927.727,616.466233,92
"D_perniger_BEC347","D_perniger_BEC347_contig3516","ANAPPLGG_10663","GH1",2166,1927.727,616.466233,92
"D_perniger_BEC347","D_perniger_BEC347_contig3534","ANAPPLGG_10746","GH115",297,86.906,1634.968691,11
"D_perniger_BEC347","D_perniger_BEC347_contig3580","ANAPPLGG_10903","GH13_20",693,454.727,511.315442,18
"D_perniger_BEC347","D_perniger_BEC347_contig3600","ANAPPLGG_10960","GT51",909,670.727,885.888625,46
"D_perniger_BEC347","D_perniger_BEC347_contig3604","ANAPPLGG_10970","GT2_Glycos_transf_2",219,42.036,3072.872669,10
"D_perniger_BEC347","D_perniger_BEC347_contig3686","ANAPPLGG_11258","GT25",783,544.727,545.401147,23
"D_perniger_BEC347","D_perniger_BEC347_contig3816","ANAPPLGG_11615","GH13_9",1512,1273.727,669.32123,66
"D_perniger_BEC347","D_perniger_BEC347_contig3844","ANAPPLGG_11721","GH9",960,721.727,519.029591,29
"D_perniger_BEC347","D_perniger_BEC347_contig3861","ANAPPLGG_11764","GH11",633,394.727,949.004648,29
"D_perniger_BEC347","D_perniger_BEC347_contig3861","ANAPPLGG_11763","GH11",633,394.727,949.004648,29
"D_perniger_BEC347","D_perniger_BEC347_contig3890","ANAPPLGG_11840","GT104",333,112.97,228.682595,2
"D_perniger_BEC347","D_perniger_BEC347_contig403","ANAPPLGG_01189","GT26",768,529.727,487.691296,20
"D_perniger_BEC347","D_perniger_BEC347_contig4037","ANAPPLGG_12262","GH5_4",681,442.727,758.585419,26
"D_perniger_BEC347","D_perniger_BEC347_contig4037","ANAPPLGG_12263","GH5_4",681,442.727,758.585419,26
"D_perniger_BEC347","D_perniger_BEC347_contig4049","ANAPPLGG_12292","GT5",417,184.079,491.202455,7
"D_perniger_BEC347","D_perniger_BEC347_contig4049","ANAPPLGG_12291","GT5",417,184.079,491.202455,7
"D_perniger_BEC347","D_perniger_BEC347_contig4051","ANAPPLGG_12299","GH171",453,217.681,830.757369,14
"D_perniger_BEC347","D_perniger_BEC347_contig436","ANAPPLGG_01288","GT5",1182,943.727,875.993004,64
"D_perniger_BEC347","D_perniger_BEC347_contig437","ANAPPLGG_01290","GH51_1",729,490.727,447.482545,17
"D_perniger_BEC347","D_perniger_BEC347_contig437","ANAPPLGG_01291","GH51_1",729,490.727,447.482545,17
"D_perniger_BEC347","D_perniger_BEC347_contig456","ANAPPLGG_01357","GH43_16",423,189.378,818.500063,12
"D_perniger_BEC347","D_perniger_BEC347_contig456","ANAPPLGG_01356","GH39",423,189.378,818.500063,12
"D_perniger_BEC347","D_perniger_BEC347_contig474","ANAPPLGG_01408","GH57",216,40.447,1596.817705,5
"D_perniger_BEC347","D_perniger_BEC347_contig49","ANAPPLGG_00126","GT11",156,11.604,7792.319054,7
"D_perniger_BEC347","D_perniger_BEC347_contig49","ANAPPLGG_00127","GT11",156,11.604,7792.319054,7
"D_perniger_BEC347","D_perniger_BEC347_contig49","ANAPPLGG_00122","GT2_Glyco_tranf_2_5",156,11.604,7792.319054,7
"D_perniger_BEC347","D_perniger_BEC347_contig495","ANAPPLGG_01460","GH36",1098,859.727,991.631748,66
"D_perniger_BEC347","D_perniger_BEC347_contig51","ANAPPLGG_00131","CBM91",819,580.727,934.209706,42
"D_perniger_BEC347","D_perniger_BEC347_contig519","ANAPPLGG_01538","GH2",429,194.965,530.030836,8
"D_perniger_BEC347","D_perniger_BEC347_contig661","ANAPPLGG_01981","CE20",357,131.834,587.882885,6
"D_perniger_BEC347","D_perniger_BEC347_contig661","ANAPPLGG_01980","CE20",357,131.834,587.882885,6
"D_perniger_BEC347","D_perniger_BEC347_contig718","ANAPPLGG_02137","GH1",915,676.727,439.017076,23
"D_perniger_BEC347","D_perniger_BEC347_contig719","ANAPPLGG_02144","GH4",1113,874.727,428.245213,29
"D_perniger_BEC347","D_perniger_BEC347_contig719","ANAPPLGG_02143","GH5_4",1113,874.727,428.245213,29
"D_perniger_BEC347","D_perniger_BEC347_contig738","ANAPPLGG_02192","GT5",1479,1240.727,385.205529,37
"D_perniger_BEC347","D_perniger_BEC347_contig89","ANAPPLGG_00247","PL11_1",3303,3064.727,602.71392,143
"D_perniger_BEC347","D_perniger_BEC347_contig929","ANAPPLGG_02742","GH36",1104,865.727,492.379576,33
"D_perniger_BEC347","D_perniger_BEC347_contig929","ANAPPLGG_02743","GH9",1104,865.727,492.379576,33
"D_perniger_BEC347","D_perniger_BEC347_contig995","ANAPPLGG_02912","GH3",1365,1126.727,240.750735,21
"D_rubriceps_BEC340","D_rubriceps_BEC340_contig145","DIKLMCHK_00344","GH31_4",609,373.237,3322.000679,17
"D_rubriceps_BEC340","D_rubriceps_BEC340_contig238","DIKLMCHK_00557","GH2",2337,2101.237,3956.994642,114
"D_rubriceps_BEC340","D_rubriceps_BEC340_contig424","DIKLMCHK_00979","GH5_4",1221,985.237,4885.835407,66
"D_rubriceps_BEC340","D_rubriceps_BEC340_contig520","DIKLMCHK_01220","GH5_39",1611,1375.237,2280.481423,43
"D_rubriceps_BEC348","D_rubriceps_BEC348_contig123","DKIPNFCJ_00254","GT2_Glycos_transf_2",1329,1062.358,1459.870493,23
"D_rubriceps_BEC348","D_rubriceps_BEC348_contig237","DKIPNFCJ_00488","GH9",1491,1224.358,2643.566331,48
"D_rubriceps_BEC348","D_rubriceps_BEC348_contig689","DKIPNFCJ_01365","GH1",210,35.926,3753.831262,2
"D_rubriceps_BEC348","D_rubriceps_BEC348_contig851","DKIPNFCJ_01674","PL1",2055,1788.358,2186.910208,58
"D_rubriceps_BEC348","D_rubriceps_BEC348_contig881","DKIPNFCJ_01730","GH13_20",1026,759.358,1953.590178,22
"D_rubriceps_BEC349","D_rubriceps_BEC349_contig361","ECFIAKOF_00767","GT51",2355,2079.918,1185.256982,110
"D_rubriceps_BEC349","D_rubriceps_BEC349_contig441","ECFIAKOF_00963","GH51_3",273,61.076,1467.764073,4
"D_rubriceps_BEC349","D_rubriceps_BEC349_contig441","ECFIAKOF_00964","CBM11",273,61.076,1467.764073,4
"D_rubriceps_BEC349","D_rubriceps_BEC349_contig490","ECFIAKOF_01079","GT35",1767,1491.918,1727.50355,115
"D_rubriceps_BEC349","D_rubriceps_BEC349_contig590","ECFIAKOF_01301","GH5_4",2112,1836.918,1525.057778,125
"D_rubriceps_BEC349","D_rubriceps_BEC349_contig595","ECFIAKOF_01309","GH57",2454,2178.918,1614.822586,157
"D_rubriceps_BEC350","D_rubriceps_BEC350_contig1","EGMAGKKN_00001","GT5",489,220.142,565.266933,14
"D_rubriceps_BEC350","D_rubriceps_BEC350_contig1024","EGMAGKKN_02944","GH5_4",2064,1792.107,570.37664,115
"D_rubriceps_BEC350","D_rubriceps_BEC350_contig1071","EGMAGKKN_03076","GT5",378,126.58,631.982913,9
"D_rubriceps_BEC350","D_rubriceps_BEC350_contig1338","EGMAGKKN_03835","GT2_Glycos_transf_2",948,676.107,381.250502,29
"D_rubriceps_BEC350","D_rubriceps_BEC350_contig1338","EGMAGKKN_03833","GT2_Glycos_transf_2",948,676.107,381.250502,29
"D_rubriceps_BEC350","D_rubriceps_BEC350_contig1338","EGMAGKKN_03836","GT2_Glycos_transf_2",948,676.107,381.250502,29
"D_rubriceps_BEC350","D_rubriceps_BEC350_contig1392","EGMAGKKN_03995","GH130_2",261,55.749,956.625331,6
"D_rubriceps_BEC350","D_rubriceps_BEC350_contig1392","EGMAGKKN_03996","GH4",261,55.749,956.625331,6
"D_rubriceps_BEC350","D_rubriceps_BEC350_contig1420","EGMAGKKN_04110","GH11",669,397.129,581.928899,26
"D_rubriceps_BEC350","D_rubriceps_BEC350_contig1446","EGMAGKKN_04207","GH25",495,225.536,512.336027,13
"D_rubriceps_BEC350","D_rubriceps_BEC350_contig1448","EGMAGKKN_04211","GH77",76,76,0,0
"D_rubriceps_BEC350","D_rubriceps_BEC350_contig1448","EGMAGKKN_04212","GT35",76,76,0,0
"D_rubriceps_BEC350","D_rubriceps_BEC350_contig1448","EGMAGKKN_04213","GH13_39",76,76,0,0
"D_rubriceps_BEC350","D_rubriceps_BEC350_contig1501","EGMAGKKN_04374","GH127",576,304.335,379.681652,13
"D_rubriceps_BEC350","D_rubriceps_BEC350_contig1574","EGMAGKKN_04620","GT2_Glycos_transf_2",1077,805.107,309.123683,28
"D_rubriceps_BEC350","D_rubriceps_BEC350_contig1574","EGMAGKKN_04621","GT2_Glycos_transf_2",1077,805.107,309.123683,28
"D_rubriceps_BEC350","D_rubriceps_BEC350_contig1642","EGMAGKKN_04843","GH3",1128,856.107,446.4453,43
"D_rubriceps_BEC350","D_rubriceps_BEC350_contig1686","EGMAGKKN_04990","GH5_36",153,9.807,4531.552071,5
"D_rubriceps_BEC350","D_rubriceps_BEC350_contig1686","EGMAGKKN_04989","GH10",153,9.807,4531.552071,5
"D_rubriceps_BEC350","D_rubriceps_BEC350_contig1835","EGMAGKKN_05450","GH4",129,5.133,3463.362084,2
"D_rubriceps_BEC350","D_rubriceps_BEC350_contig1835","EGMAGKKN_05449","GH130_2",129,5.133,3463.362084,2
"D_rubriceps_BEC350","D_rubriceps_BEC350_contig1915","EGMAGKKN_05699","GT2_Glycos_transf_2",216,36.291,734.759339,3
"D_rubriceps_BEC350","D_rubriceps_BEC350_contig1931","EGMAGKKN_05767","GT35",351,107.651,990.811785,12
"D_rubriceps_BEC350","D_rubriceps_BEC350_contig1937","EGMAGKKN_05791","GH43_1",381,128.767,759.302959,11
"D_rubriceps_BEC350","D_rubriceps_BEC350_contig1961","EGMAGKKN_05851","GH154",702,430.107,165.325973,8
"D_rubriceps_BEC350","D_rubriceps_BEC350_contig1989","EGMAGKKN_05934","GT2_Glycos_transf_2",522,251.45,282.79144,8
"D_rubriceps_BEC350","D_rubriceps_BEC350_contig2016","EGMAGKKN_06003","GH26",585,313.276,822.809211,29
"D_rubriceps_BEC350","D_rubriceps_BEC350_contig2078","EGMAGKKN_06210","GT4",1143,871.107,663.238457,65
"D_rubriceps_BEC350","D_rubriceps_BEC350_contig2093","EGMAGKKN_06283","GH3",1380,1108.107,689.833993,86
"D_rubriceps_BEC350","D_rubriceps_BEC350_contig2093","EGMAGKKN_06275","GH2",1380,1108.107,689.833993,86
"D_rubriceps_BEC350","D_rubriceps_BEC350_contig2213","EGMAGKKN_06670","GH127",303,78.323,453.941042,4
"D_rubriceps_BEC350","D_rubriceps_BEC350_contig2259","EGMAGKKN_06823","GH29",804,532.107,551.242687,33
"D_rubriceps_BEC350","D_rubriceps_BEC350_contig2310","EGMAGKKN_07007","GH29",279,64.335,552.640263,4
"D_rubriceps_BEC350","D_rubriceps_BEC350_contig2310","EGMAGKKN_07008","GH31_3",279,64.335,552.640263,4
"D_rubriceps_BEC350","D_rubriceps_BEC350_contig2310","EGMAGKKN_07010","GH2",279,64.335,552.640263,4
"D_rubriceps_BEC350","D_rubriceps_BEC350_contig2310","EGMAGKKN_07005","GH5_4",279,64.335,552.640263,4
"D_rubriceps_BEC350","D_rubriceps_BEC350_contig2310","EGMAGKKN_07009","GH3",279,64.335,552.640263,4
"D_rubriceps_BEC350","D_rubriceps_BEC350_contig2465","EGMAGKKN_07499","GT2_Glycos_transf_2",657,385.129,207.713128,9
"D_rubriceps_BEC350","D_rubriceps_BEC350_contig2538","EGMAGKKN_07785","GH116",921,649.107,712.057249,52
"D_rubriceps_BEC350","D_rubriceps_BEC350_contig2544","EGMAGKKN_07837","GH4",1551,1279.107,500.326441,72
"D_rubriceps_BEC350","D_rubriceps_BEC350_contig2609","EGMAGKKN_08029","GH115",2907,2635.107,553.188845,164
"D_rubriceps_BEC350","D_rubriceps_BEC350_contig2609","EGMAGKKN_08056","GT2_Glycos_transf_2",2907,2635.107,553.188845,164
"D_rubriceps_BEC350","D_rubriceps_BEC350_contig2670","EGMAGKKN_08275","GH13_9",627,355.137,800.906041,32
"D_rubriceps_BEC350","D_rubriceps_BEC350_contig2670","EGMAGKKN_08274","GH5_4",627,355.137,800.906041,32
"D_rubriceps_BEC350","D_rubriceps_BEC350_contig2670","EGMAGKKN_08278","GT5",627,355.137,800.906041,32
"D_rubriceps_BEC350","D_rubriceps_BEC350_contig268","EGMAGKKN_00752","GT4",834,562.107,237.192053,15
"D_rubriceps_BEC350","D_rubriceps_BEC350_contig2726","EGMAGKKN_08446","GH1",531,260.164,375.814947,11
"D_rubriceps_BEC350","D_rubriceps_BEC350_contig2761","EGMAGKKN_08553","GH10",1203,931.107,400.938299,42
"D_rubriceps_BEC350","D_rubriceps_BEC350_contig2879","EGMAGKKN_08920","GT2_Glycos_transf_2",324,91.574,582.383527,6
"D_rubriceps_BEC350","D_rubriceps_BEC350_contig3023","EGMAGKKN_09352","GH36",1536,1264.107,414.854696,59
"D_rubriceps_BEC350","D_rubriceps_BEC350_contig3063","EGMAGKKN_09480","GT5",1458,1186.107,457.123768,61
"D_rubriceps_BEC350","D_rubriceps_BEC350_contig3095","EGMAGKKN_09536","GH13_11",1668,1396.107,222.831802,35
"D_rubriceps_BEC350","D_rubriceps_BEC350_contig3176","EGMAGKKN_09778","GH13_31",378,126.58,1193.745503,17
"D_rubriceps_BEC350","D_rubriceps_BEC350_contig3198","EGMAGKKN_09824","GT4",1203,931.107,162.28455,17
"D_rubriceps_BEC350","D_rubriceps_BEC350_contig3215","EGMAGKKN_09878","GH113",198,29.109,1221.399013,4
"D_rubriceps_BEC350","D_rubriceps_BEC350_contig3257","EGMAGKKN_09989","GH94",552,280.535,538.629481,17
"D_rubriceps_BEC350","D_rubriceps_BEC350_contig3257","EGMAGKKN_09988","GH94",552,280.535,538.629481,17
"D_rubriceps_BEC350","D_rubriceps_BEC350_contig3336","EGMAGKKN_10268","GH65",1998,1726.107,314.115921,61
"D_rubriceps_BEC350","D_rubriceps_BEC350_contig3511","EGMAGKKN_10782","GH44",807,535.107,332.213469,20
"D_rubriceps_BEC350","D_rubriceps_BEC350_contig3511","EGMAGKKN_10781","GH44",807,535.107,332.213469,20
"D_rubriceps_BEC350","D_rubriceps_BEC350_contig3772","EGMAGKKN_11566","GH31_3",2106,1834.107,368.312747,76
"D_rubriceps_BEC350","D_rubriceps_BEC350_contig3787","EGMAGKKN_11612","GH3",840,568.107,516.311345,33
"D_rubriceps_BEC350","D_rubriceps_BEC350_contig3787","EGMAGKKN_11611","GH31_3",840,568.107,516.311345,33
"D_rubriceps_BEC350","D_rubriceps_BEC350_contig3961","EGMAGKKN_12119","GH5_4",942,670.107,265.285615,20
"D_rubriceps_BEC350","D_rubriceps_BEC350_contig4056","EGMAGKKN_12479","GH13_44",76,76,0,0
"D_rubriceps_BEC350","D_rubriceps_BEC350_contig4104","EGMAGKKN_12614","GH179",1170,898.107,267.216659,27
"D_rubriceps_BEC350","D_rubriceps_BEC350_contig4137","EGMAGKKN_12700","GT28",390,135.476,787.310252,12
"D_rubriceps_BEC350","D_rubriceps_BEC350_contig4262","EGMAGKKN_13111","GH5_4",180,22.538,2366.245924,6
"D_rubriceps_BEC350","D_rubriceps_BEC350_contig4423","EGMAGKKN_13601","GT5",1437,1165.107,610.312145,80
"D_rubriceps_BEC350","D_rubriceps_BEC350_contig4423","EGMAGKKN_13604","GH13_9",1437,1165.107,610.312145,80
"D_rubriceps_BEC350","D_rubriceps_BEC350_contig4485","EGMAGKKN_13791","GH77",333,97.142,914.997499,10
"D_rubriceps_BEC350","D_rubriceps_BEC350_contig4485","EGMAGKKN_13792","GT35",333,97.142,914.997499,10
"D_rubriceps_BEC350","D_rubriceps_BEC350_contig4485","EGMAGKKN_13793","GH13_39",333,97.142,914.997499,10
"D_rubriceps_BEC350","D_rubriceps_BEC350_contig4754","EGMAGKKN_14584","GH51_1",858,586.107,561.116039,37
"D_rubriceps_BEC350","D_rubriceps_BEC350_contig4754","EGMAGKKN_14581","GH120",858,586.107,561.116039,37
"D_rubriceps_BEC350","D_rubriceps_BEC350_contig4754","EGMAGKKN_14581","GH120",858,586.107,561.116039,37
"D_rubriceps_BEC350","D_rubriceps_BEC350_contig4754","EGMAGKKN_14583","GH29",858,586.107,561.116039,37
"D_rubriceps_BEC350","D_rubriceps_BEC350_contig4813","EGMAGKKN_14782","GT4",720,448.107,1620.4373,81.693
"D_rubriceps_BEC350","D_rubriceps_BEC350_contig496","EGMAGKKN_01459","GH43_35",180,22.538,788.748641,2
"D_rubriceps_BEC350","D_rubriceps_BEC350_contig5008","EGMAGKKN_15483","GH94",2190,1918.107,342.915183,74
"D_rubriceps_BEC350","D_rubriceps_BEC350_contig5033","EGMAGKKN_15536","CBM61",654,382.129,581.510645,25
"D_rubriceps_BEC350","D_rubriceps_BEC350_contig5033","EGMAGKKN_15536","GH53",654,382.129,581.510645,25
"D_rubriceps_BEC350","D_rubriceps_BEC350_contig5061","EGMAGKKN_15634","GH9",333,97.142,1463.995999,16
"D_rubriceps_BEC350","D_rubriceps_BEC350_contig5062","EGMAGKKN_15673","GH106",831,559.107,206.669454,13
"D_rubriceps_BEC350","D_rubriceps_BEC350_contig5077","EGMAGKKN_15749","GH5_2",924,652.107,449.803612,33
"D_rubriceps_BEC350","D_rubriceps_BEC350_contig5077","EGMAGKKN_15750","GH43_1",924,652.107,449.803612,33
"D_rubriceps_BEC350","D_rubriceps_BEC350_contig584","EGMAGKKN_01708","GH13_44",294,72.61,367.242658,3
"D_rubriceps_BEC350","D_rubriceps_BEC350_contig601","EGMAGKKN_01752","GT39",888,616.107,418.378847,29
"D_rubriceps_BEC350","D_rubriceps_BEC350_contig614","EGMAGKKN_01791","GT2_Glycos_transf_2",708,436.107,428.009935,21
"D_rubriceps_BEC350","D_rubriceps_BEC350_contig649","EGMAGKKN_01919","GH3",897,625.107,383.916931,27
"D_rubriceps_BEC350","D_rubriceps_BEC350_contig734","EGMAGKKN_02153","GH10",993,721.107,480.72062,39
"D_rubriceps_BEC350","D_rubriceps_BEC350_contig76","EGMAGKKN_00195","GH43_27",1668,1396.107,305.5979,48
"D_rubriceps_BEC350","D_rubriceps_BEC350_contig904","EGMAGKKN_02588","GH94",2427,2155.107,416.562681,101
"D_rubriceps_BEC350","D_rubriceps_BEC350_contig904","EGMAGKKN_02589","GH94",2427,2155.107,416.562681,101
"D_rubriceps_BEC350","D_rubriceps_BEC350_contig987","EGMAGKKN_02851","GH2",3057,2785.107,456.375133,143
"D_tamminensis_BEC324","D_tamminensis_BEC324_contig1014","BOHNJICM_03148","GH5_4",1203,952.942,367.645607,72
"D_tamminensis_BEC324","D_tamminensis_BEC324_contig104","BOHNJICM_00293","GH53",1722,1471.942,109.090426,33
"D_tamminensis_BEC324","D_tamminensis_BEC324_contig1092","BOHNJICM_03373","GT2_Glycos_transf_2",528,279.168,174.300116,10
"D_tamminensis_BEC324","D_tamminensis_BEC324_contig1092","BOHNJICM_03373","GT2_Glycos_transf_2",528,279.168,174.300116,10
"D_tamminensis_BEC324","D_tamminensis_BEC324_contig1289","BOHNJICM_03996","GH130_2",1041,790.942,332.209808,54
"D_tamminensis_BEC324","D_tamminensis_BEC324_contig1289","BOHNJICM_03995","GH4",1041,790.942,332.209808,54
"D_tamminensis_BEC324","D_tamminensis_BEC324_contig1358","BOHNJICM_04213","GH36",579,329.217,206.923339,14
"D_tamminensis_BEC324","D_tamminensis_BEC324_contig1493","BOHNJICM_04670","GH65",1008,757.942,320.994324,50
"D_tamminensis_BEC324","D_tamminensis_BEC324_contig1506","BOHNJICM_04736","GH4",1323,1072.942,99.772258,22
"D_tamminensis_BEC324","D_tamminensis_BEC324_contig1731","BOHNJICM_05461","GT51",2262,2011.942,316.824861,131
"D_tamminensis_BEC324","D_tamminensis_BEC324_contig1738","BOHNJICM_05477","GH146",1563,1312.942,118.595394,32
"D_tamminensis_BEC324","D_tamminensis_BEC324_contig1867","BOHNJICM_05831","GH27",1302,1051.942,152.646028,33
"D_tamminensis_BEC324","D_tamminensis_BEC324_contig1901","BOHNJICM_05944","CBM61",1953,1702.942,160.011639,56
"D_tamminensis_BEC324","D_tamminensis_BEC324_contig1901","BOHNJICM_05950","GH53",1953,1702.942,160.011639,56
"D_tamminensis_BEC324","D_tamminensis_BEC324_contig1901","BOHNJICM_05944","GH53",1953,1702.942,160.011639,56
"D_tamminensis_BEC324","D_tamminensis_BEC324_contig1904","BOHNJICM_05972","GH31_4",252,56.578,774.024376,9
"D_tamminensis_BEC324","D_tamminensis_BEC324_contig1916","BOHNJICM_05995","GH13_39",1857,1606.942,166.54281,55
"D_tamminensis_BEC324","D_tamminensis_BEC324_contig1916","BOHNJICM_05996","GT5",1857,1606.942,166.54281,55
"D_tamminensis_BEC324","D_tamminensis_BEC324_contig1931","BOHNJICM_06030","GH115",2901,2650.942,284.508273,155
"D_tamminensis_BEC324","D_tamminensis_BEC324_contig1980","BOHNJICM_06148","GH18",1020,769.942,183.275035,29
"D_tamminensis_BEC324","D_tamminensis_BEC324_contig1992","BOHNJICM_06172","GH3",330,105.461,1199.619568,26
"D_tamminensis_BEC324","D_tamminensis_BEC324_contig2015","BOHNJICM_06233","GH78",813,562.954,146.939848,17
"D_tamminensis_BEC324","D_tamminensis_BEC324_contig2235","BOHNJICM_06912","GH20",1749,1498.942,308.391339,95
"D_tamminensis_BEC324","D_tamminensis_BEC324_contig2235","BOHNJICM_06911","GH95",1749,1498.942,308.391339,95
"D_tamminensis_BEC324","D_tamminensis_BEC324_contig2256","BOHNJICM_07017","GH65",1107,856.942,141.955401,25
"D_tamminensis_BEC324","D_tamminensis_BEC324_contig2256","BOHNJICM_07019","GH28",1107,856.942,141.955401,25
"D_tamminensis_BEC324","D_tamminensis_BEC324_contig2256","BOHNJICM_07018","GH65",1107,856.942,141.955401,25
"D_tamminensis_BEC324","D_tamminensis_BEC324_contig2258","BOHNJICM_07045","GH2",1110,859.942,231.994685,41
"D_tamminensis_BEC324","D_tamminensis_BEC324_contig2390","BOHNJICM_07465","GH5_4",327,103.23,188.545954,4
"D_tamminensis_BEC324","D_tamminensis_BEC324_contig2469","BOHNJICM_07698","GH149",1332,1081.942,278.837433,62
"D_tamminensis_BEC324","D_tamminensis_BEC324_contig2469","BOHNJICM_07698","GH149",1332,1081.942,278.837433,62
"D_tamminensis_BEC324","D_tamminensis_BEC324_contig2590","BOHNJICM_08060","GH36",924,673.954,324.897086,45
"D_tamminensis_BEC324","D_tamminensis_BEC324_contig2598","BOHNJICM_08097","GH94",1587,1336.942,181.978811,50
"D_tamminensis_BEC324","D_tamminensis_BEC324_contig2778","BOHNJICM_08675","GH93",1053,802.942,266.64401,44
"D_tamminensis_BEC324","D_tamminensis_BEC324_contig2778","BOHNJICM_08684","GH43",1053,802.942,266.64401,44
"D_tamminensis_BEC324","D_tamminensis_BEC324_contig2778","BOHNJICM_08673","GH2",1053,802.942,266.64401,44
"D_tamminensis_BEC324","D_tamminensis_BEC324_contig2778","BOHNJICM_08654","GH2",1053,802.942,266.64401,44
"D_tamminensis_BEC324","D_tamminensis_BEC324_contig2778","BOHNJICM_08652","GH13_31",1053,802.942,266.64401,44
"D_tamminensis_BEC324","D_tamminensis_BEC324_contig2778","BOHNJICM_08672","GH38",1053,802.942,266.64401,44
"D_tamminensis_BEC324","D_tamminensis_BEC324_contig2884","BOHNJICM_09034","GH43_1",348,118.655,164.034916,4
"D_tamminensis_BEC324","D_tamminensis_BEC324_contig2925","BOHNJICM_09216","GH13_9",1377,1126.942,194.30068,45
"D_tamminensis_BEC324","D_tamminensis_BEC324_contig2948","BOHNJICM_09307","GH3",1227,976.942,109.576457,22
"D_tamminensis_BEC324","D_tamminensis_BEC324_contig3011","BOHNJICM_09483","GH5_4",684,433.968,325.165109,29
"D_tamminensis_BEC324","D_tamminensis_BEC324_contig3011","BOHNJICM_09482","GH5_4",684,433.968,325.165109,29
"D_tamminensis_BEC324","D_tamminensis_BEC324_contig3011","BOHNJICM_09481","GH130_2",684,433.968,325.165109,29
"D_tamminensis_BEC324","D_tamminensis_BEC324_contig3105","BOHNJICM_09737","GH109",1356,1105.942,351.982446,80
"D_tamminensis_BEC324","D_tamminensis_BEC324_contig3166","BOHNJICM_09893","GH10",525,276.284,317.015451,18
"D_tamminensis_BEC324","D_tamminensis_BEC324_contig3328","BOHNJICM_10529","GT2_Glycos_transf_2",654,403.973,96.360903,8
"D_tamminensis_BEC324","D_tamminensis_BEC324_contig3436","BOHNJICM_10846","GH2",2298,2047.942,128.303801,54
"D_tamminensis_BEC324","D_tamminensis_BEC324_contig3477","BOHNJICM_10957","GH42",2010,1759.942,135.475615,49
"D_tamminensis_BEC324","D_tamminensis_BEC324_contig3477","BOHNJICM_10958","GH29",2010,1759.942,135.475615,49
"D_tamminensis_BEC324","D_tamminensis_BEC324_contig3502","BOHNJICM_11049","GH43_4",339,112.273,433.397564,10
"D_tamminensis_BEC324","D_tamminensis_BEC324_contig3552","BOHNJICM_11178","GH149",1569,1318.942,173.394591,47
"D_tamminensis_BEC324","D_tamminensis_BEC324_contig3580","BOHNJICM_11281","GT51",858,607.954,224.104655,28
"D_tamminensis_BEC324","D_tamminensis_BEC324_contig3580","BOHNJICM_11277","GT5",858,607.954,224.104655,28
"D_tamminensis_BEC324","D_tamminensis_BEC324_contig3693","BOHNJICM_11665","GH65",204,32.875,592.045831,4
"D_tamminensis_BEC324","D_tamminensis_BEC324_contig3772","BOHNJICM_11880","GT35",1884,1633.942,160.812767,54
"D_tamminensis_BEC324","D_tamminensis_BEC324_contig3772","BOHNJICM_11881","GH77",1884,1633.942,160.812767,54
"D_tamminensis_BEC324","D_tamminensis_BEC324_contig3793","BOHNJICM_11944","PL12_3",834,583.954,199.984426,24
"D_tamminensis_BEC324","D_tamminensis_BEC324_contig3806","BOHNJICM_11992","GH13_31",645,394.977,1571.740266,127.582
"D_tamminensis_BEC324","D_tamminensis_BEC324_contig3806","BOHNJICM_11990","GH66",645,394.977,1571.740266,127.582
"D_tamminensis_BEC324","D_tamminensis_BEC324_contig3835","BOHNJICM_12082","GH13_9",1602,1351.942,140.368589,39
"D_tamminensis_BEC324","D_tamminensis_BEC324_contig4003","BOHNJICM_12604","GH172",798,547.954,1491.862364,168
"D_tamminensis_BEC324","D_tamminensis_BEC324_contig4003","BOHNJICM_12620","GT5",798,547.954,1491.862364,168
"D_tamminensis_BEC324","D_tamminensis_BEC324_contig4003","BOHNJICM_12618","GT35",798,547.954,1491.862364,168
"D_tamminensis_BEC324","D_tamminensis_BEC324_contig4003","BOHNJICM_12616","GH77",798,547.954,1491.862364,168
"D_tamminensis_BEC324","D_tamminensis_BEC324_contig4003","BOHNJICM_12619","GH13_39",798,547.954,1491.862364,168
"D_tamminensis_BEC324","D_tamminensis_BEC324_contig4003","BOHNJICM_12623","GH13_9",798,547.954,1491.862364,168
"D_tamminensis_BEC324","D_tamminensis_BEC324_contig4085","BOHNJICM_12899","GT5",1332,1081.942,193.387252,43
"D_tamminensis_BEC324","D_tamminensis_BEC324_contig4120","BOHNJICM_12995","GH13_31",1476,1225.942,162.73363,41
"D_tamminensis_BEC324","D_tamminensis_BEC324_contig4264","BOHNJICM_13481","CBM61",573,323.259,361.263673,24
"D_tamminensis_BEC324","D_tamminensis_BEC324_contig4264","BOHNJICM_13481","CBM61",573,323.259,361.263673,24
"D_tamminensis_BEC324","D_tamminensis_BEC324_contig4264","BOHNJICM_13481","GH53",573,323.259,361.263673,24
"D_tamminensis_BEC324","D_tamminensis_BEC324_contig4272","BOHNJICM_13504","GT2_Glycos_transf_2",1743,1492.942,146.667191,45
"D_tamminensis_BEC324","D_tamminensis_BEC324_contig4283","BOHNJICM_13541","GH94",1392,1141.942,191.74844,45
"D_tamminensis_BEC324","D_tamminensis_BEC324_contig4342","BOHNJICM_13713","GT4",1899,1648.942,292.141474,99
"D_tamminensis_BEC324","D_tamminensis_BEC324_contig4432","BOHNJICM_14111","GH78",1986,1735.942,283.106323,101
"D_tamminensis_BEC324","D_tamminensis_BEC324_contig4641","BOHNJICM_14761","GH2",1632,1381.942,299.290202,85
"D_tamminensis_BEC324","D_tamminensis_BEC324_contig4663","BOHNJICM_14826","GH105",1026,775.942,294.735144,47
"D_tamminensis_BEC324","D_tamminensis_BEC324_contig4735","BOHNJICM_15078","GT4",1146,895.942,157.500322,29
"D_tamminensis_BEC324","D_tamminensis_BEC324_contig4852","BOHNJICM_15410","GT2_Glyco_tranf_2_5",264,63.192,539.014005,7
"D_tamminensis_BEC324","D_tamminensis_BEC324_contig4987","BOHNJICM_15817","GH9",207,34.301,993.011644,7
"D_tamminensis_BEC324","D_tamminensis_BEC324_contig5011","BOHNJICM_15878","GH51_1",1026,775.942,119.14825,19
"D_tamminensis_BEC324","D_tamminensis_BEC324_contig5050","BOHNJICM_15982","GH4",1110,859.942,118.826546,21
"D_tamminensis_BEC324","D_tamminensis_BEC324_contig5262","BOHNJICM_16802","GT35",234,46.705,416.737197,4
"D_tamminensis_BEC324","D_tamminensis_BEC324_contig5265","BOHNJICM_16817","GH13_31",654,403.973,409.533838,34
"D_tamminensis_BEC324","D_tamminensis_BEC324_contig533","BOHNJICM_01613","GT4",654,403.973,144.541355,12
"D_tamminensis_BEC324","D_tamminensis_BEC324_contig54","BOHNJICM_00127","GH13_20",315,94.831,1590.6532,31
"D_tamminensis_BEC324","D_tamminensis_BEC324_contig54","BOHNJICM_00128","GH13_2",315,94.831,1590.6532,31
"D_tamminensis_BEC324","D_tamminensis_BEC324_contig5429","BOHNJICM_17299","GT2_Glycos_transf_2",294,81.253,299.430548,5
"D_tamminensis_BEC324","D_tamminensis_BEC324_contig5432","BOHNJICM_17316","GT10",1077,826.942,117.684233,20
"D_tamminensis_BEC324","D_tamminensis_BEC324_contig5513","BOHNJICM_17556","GH2",498,249.895,292.076713,15
"D_tamminensis_BEC324","D_tamminensis_BEC324_contig5528","BOHNJICM_17599","GH23",717,466.967,83.361869,8
"D_tamminensis_BEC324","D_tamminensis_BEC324_contig5568","BOHNJICM_17725","GH2",3063,2812.942,250.824904,145
"D_tamminensis_BEC324","D_tamminensis_BEC324_contig5595","BOHNJICM_17813","CE20",897,646.954,135.382542,18
"D_tamminensis_BEC324","D_tamminensis_BEC324_contig5595","BOHNJICM_17814","GH3",897,646.954,135.382542,18
"D_tamminensis_BEC324","D_tamminensis_BEC324_contig5726","BOHNJICM_18156","GH3",609,359.14,325.170277,24
"D_tamminensis_BEC324","D_tamminensis_BEC324_contig5751","BOHNJICM_18236","GT8",387,149.326,228.100194,7
"D_tamminensis_BEC324","D_tamminensis_BEC324_contig5761","BOHNJICM_18263","GH130_2",486,238.339,183.742743,9
"D_tamminensis_BEC324","D_tamminensis_BEC324_contig5763","BOHNJICM_18267","GH13_20",1326,1075.942,126.628813,28
"D_tamminensis_BEC324","D_tamminensis_BEC324_contig5836","BOHNJICM_18451","GH179",702,451.967,301.44977,28
"D_tamminensis_BEC324","D_tamminensis_BEC324_contig5839","BOHNJICM_18466","GH13_31",576,326.256,253.54468,17
"D_tamminensis_BEC324","D_tamminensis_BEC324_contig6353","BOHNJICM_19973","GT2_Glycos_transf_2",267,64.817,600.568331,8
"D_tamminensis_BEC324","D_tamminensis_BEC324_contig6353","BOHNJICM_19973","GT2_Glycos_transf_2",267,64.817,600.568331,8
"D_tamminensis_BEC324","D_tamminensis_BEC324_contig6407","BOHNJICM_20184","GH13_44",2829,2578.942,273.58347,145
"D_tamminensis_BEC324","D_tamminensis_BEC324_contig6420","BOHNJICM_20216","GH3",2424,2173.942,299.930246,134
"D_tamminensis_BEC324","D_tamminensis_BEC324_contig6438","BOHNJICM_20266","GT2_Glycos_transf_2",1251,1000.942,194.452906,40
"D_tamminensis_BEC324","D_tamminensis_BEC324_contig6438","BOHNJICM_20266","GT2_Glycos_transf_2",1251,1000.942,194.452906,40
"D_tamminensis_BEC324","D_tamminensis_BEC324_contig6450","BOHNJICM_20302","GH94",1302,1051.942,360.799703,78
"D_tamminensis_BEC324","D_tamminensis_BEC324_contig6506","BOHNJICM_20475","GH5_4",846,595.954,628.697242,77
"D_tamminensis_BEC324","D_tamminensis_BEC324_contig6555","BOHNJICM_20617","GH3",1941,1690.942,247.476032,86
"D_tamminensis_BEC324","D_tamminensis_BEC324_contig657","BOHNJICM_01985","GH53",264,63.192,462.012004,6
"D_tamminensis_BEC324","D_tamminensis_BEC324_contig6602","BOHNJICM_20787","GT2_Glycos_transf_2",147,7.324,1993.269205,3
"D_tamminensis_BEC324","D_tamminensis_BEC324_contig6602","BOHNJICM_20792","GT4",147,7.324,1993.269205,3
"D_tamminensis_BEC324","D_tamminensis_BEC324_contig6680","BOHNJICM_21007","GH13_36",1278,1027.942,104.139966,22
"D_tamminensis_BEC324","D_tamminensis_BEC324_contig6699","BOHNJICM_21054","GH28",1659,1408.942,286.647638,83
"D_tamminensis_BEC324","D_tamminensis_BEC324_contig6699","BOHNJICM_21058","GH65",1659,1408.942,286.647638,83
"D_tamminensis_BEC324","D_tamminensis_BEC324_contig6708","BOHNJICM_21107","GH2",3276,3025.942,297.4915,185
"D_tamminensis_BEC324","D_tamminensis_BEC324_contig6773","BOHNJICM_21300","GT8",1266,1015.942,100.580488,21
"D_tamminensis_BEC324","D_tamminensis_BEC324_contig6897","BOHNJICM_21703","GH8",1704,1453.942,291.162583,87
"D_tamminensis_BEC324","D_tamminensis_BEC324_contig6911","BOHNJICM_21740","GH53",423,180.109,297.181016,11
"D_tamminensis_BEC324","D_tamminensis_BEC324_contig6929","BOHNJICM_21795","GT4",1452,1201.942,510.09423,126
"D_tamminensis_BEC324","D_tamminensis_BEC324_contig6979","BOHNJICM_21940","GH112",1425,1174.942,306.463436,74
"D_tamminensis_BEC324","D_tamminensis_BEC324_contig7012","BOHNJICM_22038","GH31_3",957,706.942,371.683505,54
"D_tamminensis_BEC324","D_tamminensis_BEC324_contig7091","BOHNJICM_22261","GH13_39",702,451.967,279.917644,26
"D_tamminensis_BEC324","D_tamminensis_BEC324_contig7128","BOHNJICM_22400","GH94",2967,2716.942,266.851304,149
"D_tamminensis_BEC324","D_tamminensis_BEC324_contig7224","BOHNJICM_22687","GT28",780,529.954,137.726232,15
"D_tamminensis_BEC324","D_tamminensis_BEC324_contig7247","BOHNJICM_22769","GH130_1",300,84.932,229.167095,4
"D_tamminensis_BEC324","D_tamminensis_BEC324_contig7287","BOHNJICM_22902","GH13_9",495,247.006,196.995207,10
"D_tamminensis_BEC324","D_tamminensis_BEC324_contig7345","BOHNJICM_23056","GT4",1146,895.942,206.379733,38
"D_tamminensis_BEC324","D_tamminensis_BEC324_contig7349","BOHNJICM_23068","GH43_4",702,451.967,204.555201,19
"D_tamminensis_BEC324","D_tamminensis_BEC324_contig7380","BOHNJICM_23149","GT101",279,72.138,607.072187,9
"D_tamminensis_BEC324","D_tamminensis_BEC324_contig7400","BOHNJICM_23204","GT84",2229,1978.942,110.64782,45
"D_tamminensis_BEC324","D_tamminensis_BEC324_contig7400","BOHNJICM_23203","GH94",2229,1978.942,110.64782,45
"D_tamminensis_BEC324","D_tamminensis_BEC324_contig7411","BOHNJICM_23228","GH16",561,311.37,234.411032,15
"D_tamminensis_BEC324","D_tamminensis_BEC324_contig7456","BOHNJICM_23347","GH13_31",76,76,0,0
"D_tamminensis_BEC324","D_tamminensis_BEC324_contig7470","BOHNJICM_23380","GH31_3",705,454.967,256.681752,24
"D_tamminensis_BEC324","D_tamminensis_BEC324_contig7470","BOHNJICM_23381","GH31_3",705,454.967,256.681752,24
"D_tamminensis_BEC324","D_tamminensis_BEC324_contig7595","BOHNJICM_23745","GT2_Glycos_transf_2",243,51.472,756.273301,8
"D_tamminensis_BEC324","D_tamminensis_BEC324_contig7615","BOHNJICM_23790","GH3",1905,1654.942,194.054876,66
"D_tamminensis_BEC324","D_tamminensis_BEC324_contig7674","BOHNJICM_23946","GH65",2169,1918.942,134.393243,53
"D_tamminensis_BEC324","D_tamminensis_BEC324_contig7704","BOHNJICM_24017","GH5_4",1260,1009.942,168.630051,35
"D_tamminensis_BEC324","D_tamminensis_BEC324_contig7707","BOHNJICM_24023","GT4",1752,1501.942,184.665212,57
"D_tamminensis_BEC324","D_tamminensis_BEC324_contig7715","BOHNJICM_24044","GT51",405,164.613,295.59579,10
"D_tamminensis_BEC324","D_tamminensis_BEC324_contig828","BOHNJICM_02543","GH65",2160,1909.942,163.050902,64
"D_tamminensis_BEC324","D_tamminensis_BEC324_contig848","BOHNJICM_02600","GH94",1893,1642.942,139.199934,47
"D_tamminensis_BEC324","D_tamminensis_BEC324_contig892","BOHNJICM_02765","GH13_11",543,293.646,198.84774,12
"D_tamminensis_BEC325","D_tamminensis_BEC325_contig1","LAANKJHD_00001","GT5",984,776.89,1419.988443,36
"D_tamminensis_BEC325","D_tamminensis_BEC325_contig1327","LAANKJHD_03191","GH115",2310,2102.89,1384.359706,95
"D_tamminensis_BEC325","D_tamminensis_BEC325_contig1368","LAANKJHD_03290","GT2_Glycos_transf_2",1662,1454.89,905.69127,43
"D_tamminensis_BEC325","D_tamminensis_BEC325_contig1368","LAANKJHD_03290","GT2_Glycos_transf_2",1662,1454.89,905.69127,43
"D_tamminensis_BEC325","D_tamminensis_BEC325_contig157","LAANKJHD_00391","GH43_1",972,764.89,1842.895406,46
"D_tamminensis_BEC325","D_tamminensis_BEC325_contig237","LAANKJHD_00590","GT56",921,713.89,1674.075884,39
"D_tamminensis_BEC325","D_tamminensis_BEC325_contig283","LAANKJHD_00695","GT4",1260,1052.89,1193.280988,41
"D_tamminensis_BEC325","D_tamminensis_BEC325_contig369","LAANKJHD_00919","GH77",834,626.89,1124.289905,23
"D_tamminensis_BEC325","D_tamminensis_BEC325_contig369","LAANKJHD_00920","GH77",834,626.89,1124.289905,23
"D_tamminensis_BEC325","D_tamminensis_BEC325_contig435","LAANKJHD_01063","GH13_9",1905,1697.89,1064.839991,59
"D_tamminensis_BEC325","D_tamminensis_BEC325_contig71","LAANKJHD_00182","GH5_4",92,92,1998.505551,6
"D_tamminensis_BEC325","D_tamminensis_BEC325_contig75","LAANKJHD_00190","GH130_2",1020,812.89,867.037536,23
"D_tamminensis_BEC325","D_tamminensis_BEC325_contig818","LAANKJHD_01959","GH39",480,273.74,1791.118076,16
"D_tamminensis_BEC325","D_tamminensis_BEC325_contig837","LAANKJHD_02009","GH51_1",921,713.89,1588.225839,37
"D_tamminensis_BEC325","D_tamminensis_BEC325_contig846","LAANKJHD_02030","GT2_Glycos_transf_2",1023,815.89,863.849469,23
"D_tamminensis_BEC325","D_tamminensis_BEC325_contig925","LAANKJHD_02209","GT2_Glycos_transf_2",246,69.792,2195.35588,5
"D_tamminensis_BEC325","D_tamminensis_BEC325_contig97","LAANKJHD_00247","GH94",195,34.863,5273.862927,6
"D_tamminensis_BEC326","D_tamminensis_BEC326_contig101","PBGEPOEJ_00332","GH94",195,30.407,3373.149157,5
"D_tamminensis_BEC326","D_tamminensis_BEC326_contig1082","PBGEPOEJ_03925","GH39",690,439.091,2616.173487,56
"D_tamminensis_BEC326","D_tamminensis_BEC326_contig114","PBGEPOEJ_00396","GH3",318,95.916,2994.111984,14
"D_tamminensis_BEC326","D_tamminensis_BEC326_contig114","PBGEPOEJ_00397","GH31_3",318,95.916,2994.111984,14
"D_tamminensis_BEC326","D_tamminensis_BEC326_contig114","PBGEPOEJ_00395","GH2",318,95.916,2994.111984,14
"D_tamminensis_BEC326","D_tamminensis_BEC326_contig1168","PBGEPOEJ_04224","GT2_Glycos_transf_2",1257,1006.091,1692.287035,83
"D_tamminensis_BEC326","D_tamminensis_BEC326_contig1263","PBGEPOEJ_04479","GH94",1185,934.091,329.408849,15
"D_tamminensis_BEC326","D_tamminensis_BEC326_contig1505","PBGEPOEJ_05425","GT8",108,108,0,0
"D_tamminensis_BEC326","D_tamminensis_BEC326_contig1505","PBGEPOEJ_05423","GT8",108,108,0,0
"D_tamminensis_BEC326","D_tamminensis_BEC326_contig1594","PBGEPOEJ_05748","GH19_1",882,631.091,650.086487,20
"D_tamminensis_BEC326","D_tamminensis_BEC326_contig1601","PBGEPOEJ_05774","GH53",399,158.529,2458.545723,19
"D_tamminensis_BEC326","D_tamminensis_BEC326_contig1601","PBGEPOEJ_05772","GH13_36",399,158.529,2458.545723,19
"D_tamminensis_BEC326","D_tamminensis_BEC326_contig1708","PBGEPOEJ_06142","GH26",1464,1213.091,1724.805029,102
"D_tamminensis_BEC326","D_tamminensis_BEC326_contig1710","PBGEPOEJ_06162","GT35",2481,2230.091,367.934633,40
"D_tamminensis_BEC326","D_tamminensis_BEC326_contig1716","PBGEPOEJ_06178","GH5_4",624,373.115,1814.282532,33
"D_tamminensis_BEC326","D_tamminensis_BEC326_contig1752","PBGEPOEJ_06318","GH51_1",825,574.091,964.752998,27
"D_tamminensis_BEC326","D_tamminensis_BEC326_contig1752","PBGEPOEJ_06307","GH43_35",825,574.091,964.752998,27
"D_tamminensis_BEC326","D_tamminensis_BEC326_contig1758","PBGEPOEJ_06403","GT4",1872,1621.091,1668.512247,131.857
"D_tamminensis_BEC326","D_tamminensis_BEC326_contig1758","PBGEPOEJ_06392","GH3",1872,1621.091,1668.512247,131.857
"D_tamminensis_BEC326","D_tamminensis_BEC326_contig1805","PBGEPOEJ_06568","GT28",600,349.241,1468.413261,25
"D_tamminensis_BEC326","D_tamminensis_BEC326_contig1847","PBGEPOEJ_06755","GT4",297,81.983,8006.773474,32
"D_tamminensis_BEC326","D_tamminensis_BEC326_contig1847","PBGEPOEJ_06758","GT2_Glycos_transf_2",297,81.983,8006.773474,32
"D_tamminensis_BEC326","D_tamminensis_BEC326_contig1847","PBGEPOEJ_06766","GT10",297,81.983,8006.773474,32
"D_tamminensis_BEC326","D_tamminensis_BEC326_contig1847","PBGEPOEJ_06759","GT2_Glycos_transf_2",297,81.983,8006.773474,32
"D_tamminensis_BEC326","D_tamminensis_BEC326_contig1866","PBGEPOEJ_06931","GH3",2352,2101.091,380.761478,39
"D_tamminensis_BEC326","D_tamminensis_BEC326_contig1889","PBGEPOEJ_07009","GH94",354,121.602,3711.202803,22
"D_tamminensis_BEC326","D_tamminensis_BEC326_contig1936","PBGEPOEJ_07216","GT111",390,150.561,2724.894437,20
"D_tamminensis_BEC326","D_tamminensis_BEC326_contig1964","PBGEPOEJ_07309","GT4",915,664.091,1668.012513,54
"D_tamminensis_BEC326","D_tamminensis_BEC326_contig1964","PBGEPOEJ_07309","GT4",915,664.091,1668.012513,54
"D_tamminensis_BEC326","D_tamminensis_BEC326_contig2024","PBGEPOEJ_07486","GH11",288,76.579,2410.829871,9
"D_tamminensis_BEC326","D_tamminensis_BEC326_contig228","PBGEPOEJ_00786","GH5_4",690,439.091,2148.99965,46
"D_tamminensis_BEC326","D_tamminensis_BEC326_contig32","PBGEPOEJ_00086","GH10",1227,976.091,903.673075,43
"D_tamminensis_BEC326","D_tamminensis_BEC326_contig364","PBGEPOEJ_01222","GH120",447,200.545,1534.305603,15
"D_tamminensis_BEC326","D_tamminensis_BEC326_contig364","PBGEPOEJ_01222","GH120",447,200.545,1534.305603,15
"D_tamminensis_BEC326","D_tamminensis_BEC326_contig493","PBGEPOEJ_01685","GT51",234,48.135,1704.639607,4
"D_tamminensis_BEC326","D_tamminensis_BEC326_contig568","PBGEPOEJ_02017","GH13_20",252,56.498,5809.219987,16
"D_tamminensis_BEC326","D_tamminensis_BEC326_contig568","PBGEPOEJ_02003","GH115",252,56.498,5809.219987,16
"D_tamminensis_BEC326","D_tamminensis_BEC326_contig568","PBGEPOEJ_02019","GT4",252,56.498,5809.219987,16
"D_tamminensis_BEC326","D_tamminensis_BEC326_contig612","PBGEPOEJ_02211","GH154",1200,949.091,1080.675588,50
"D_tamminensis_BEC326","D_tamminensis_BEC326_contig720","PBGEPOEJ_02587","GH9",426,181.835,8348.113985,74
"D_tamminensis_BEC326","D_tamminensis_BEC326_contig749","PBGEPOEJ_02744","GH43_35",525,274.787,1940.932254,26
"D_tamminensis_BEC326","D_tamminensis_BEC326_contig78","PBGEPOEJ_00223","GH77",1905,1654.091,979.717662,79
"D_tamminensis_BEC326","D_tamminensis_BEC326_contig78","PBGEPOEJ_00222","GT35",1905,1654.091,979.717662,79
"D_tamminensis_BEC326","D_tamminensis_BEC326_contig78","PBGEPOEJ_00221","GH13_39",1905,1654.091,979.717662,79
"D_tamminensis_BEC326","D_tamminensis_BEC326_contig78","PBGEPOEJ_00220","GT5",1905,1654.091,979.717662,79
"D_tamminensis_BEC326","D_tamminensis_BEC326_contig78","PBGEPOEJ_00217","GH13_9",1905,1654.091,979.717662,79
"D_tamminensis_BEC326","D_tamminensis_BEC326_contig804","PBGEPOEJ_02998","GT2_Glycos_transf_2",1791,1540.091,599.376029,45
"D_tamminensis_BEC327","D_tamminensis_BEC327_contig1011","OLDDAGDC_02968","GT2_Glycos_transf_2",237,51.234,1439.993475,4
"D_tamminensis_BEC327","D_tamminensis_BEC327_contig1027","OLDDAGDC_03016","GT4",1137,900.412,696.453465,34
"D_tamminensis_BEC327","D_tamminensis_BEC327_contig1074","OLDDAGDC_03140","GH13_28",2817,2580.412,671.882539,94
"D_tamminensis_BEC327","D_tamminensis_BEC327_contig1074","OLDDAGDC_03139","GH13_14",2817,2580.412,671.882539,94
"D_tamminensis_BEC327","D_tamminensis_BEC327_contig1293","OLDDAGDC_03780","GH13_39",888,651.412,707.8458,25
"D_tamminensis_BEC327","D_tamminensis_BEC327_contig1375","OLDDAGDC_04031","GH31_4",186,25.828,2856.452779,4
"D_tamminensis_BEC327","D_tamminensis_BEC327_contig1392","OLDDAGDC_04092","GH5_46",1080,843.412,612.311909,28
"D_tamminensis_BEC327","D_tamminensis_BEC327_contig1409","OLDDAGDC_04160","GH65",2181,1944.412,559.652253,59
"D_tamminensis_BEC327","D_tamminensis_BEC327_contig1409","OLDDAGDC_04161","GH65",2181,1944.412,559.652253,59
"D_tamminensis_BEC327","D_tamminensis_BEC327_contig144","OLDDAGDC_00422","GH94",2469,2232.412,627.904782,76
"D_tamminensis_BEC327","D_tamminensis_BEC327_contig1451","OLDDAGDC_04291","GH3",774,537.413,926.638066,27
"D_tamminensis_BEC327","D_tamminensis_BEC327_contig1453","OLDDAGDC_04297","GT35",90,90,0,0
"D_tamminensis_BEC327","D_tamminensis_BEC327_contig1601","OLDDAGDC_04732","GH4",1335,1098.412,839.574466,50
"D_tamminensis_BEC327","D_tamminensis_BEC327_contig1618","OLDDAGDC_04776","GH5_4",378,150.778,733.951053,6
"D_tamminensis_BEC327","D_tamminensis_BEC327_contig1722","OLDDAGDC_05080","GH13_21",1491,1254.412,646.94443,44
"D_tamminensis_BEC327","D_tamminensis_BEC327_contig1754","OLDDAGDC_05171","GH13_9",414,182.03,1215.885161,12
"D_tamminensis_BEC327","D_tamminensis_BEC327_contig1772","OLDDAGDC_05233","GT2_Glycos_transf_2",153,10.259,5393.458105,3
"D_tamminensis_BEC327","D_tamminensis_BEC327_contig1780","OLDDAGDC_05261","GH94",1170,933.412,750.869878,38
"D_tamminensis_BEC327","D_tamminensis_BEC327_contig1800","OLDDAGDC_05315","GH120",534,297.956,866.624789,14
"D_tamminensis_BEC327","D_tamminensis_BEC327_contig1800","OLDDAGDC_05315","GH120",534,297.956,866.624789,14
"D_tamminensis_BEC327","D_tamminensis_BEC327_contig1956","OLDDAGDC_05757","GH23",663,426.413,821.821859,19
"D_tamminensis_BEC327","D_tamminensis_BEC327_contig40","OLDDAGDC_00135","GH29",747,510.413,614.30172,17
"D_tamminensis_BEC327","D_tamminensis_BEC327_contig40","OLDDAGDC_00136","GH43_10",747,510.413,614.30172,17
"D_tamminensis_BEC327","D_tamminensis_BEC327_contig404","OLDDAGDC_01247","GH13_20",1107,870.412,656.887927,31
"D_tamminensis_BEC327","D_tamminensis_BEC327_contig597","OLDDAGDC_01764","GH3",2517,2280.412,566.160114,70
"D_tamminensis_BEC327","D_tamminensis_BEC327_contig651","OLDDAGDC_01921","GH94",1392,1155.412,574.672109,36
"D_tamminensis_BEC327","D_tamminensis_BEC327_contig773","OLDDAGDC_02287","GH51_1",585,348.585,846.5754,16
"D_tamminensis_BEC327","D_tamminensis_BEC327_contig789","OLDDAGDC_02343","GH127",471,235.71,860.735371,11
"D_tamminensis_BEC327","D_tamminensis_BEC327_contig8","OLDDAGDC_00017","GT2_Glycos_transf_2",2778,2541.412,791.053716,109
"D_tamminensis_BEC327","D_tamminensis_BEC327_contig8","OLDDAGDC_00017","GT2_Glycos_transf_2",2778,2541.412,791.053716,109
"D_tamminensis_BEC327","D_tamminensis_BEC327_contig832","OLDDAGDC_02476","GT5",252,59.871,1540.297457,5
"D_tamminensis_BEC327","D_tamminensis_BEC327_contig892","OLDDAGDC_02630","CBM61",1794,1557.412,686.877038,58
"D_tamminensis_BEC327","D_tamminensis_BEC327_contig892","OLDDAGDC_02630","GH53",1794,1557.412,686.877038,58
"D_tamminensis_BEC327","D_tamminensis_BEC327_contig899","OLDDAGDC_02657","GH9",978,741.412,1019.949514,41
"D_tamminensis_BEC327","D_tamminensis_BEC327_contig943","OLDDAGDC_02772","GH120",555,318.833,1099.117866,19
"D_tamminensis_BEC327","D_tamminensis_BEC327_contig943","OLDDAGDC_02772","GH120",555,318.833,1099.117866,19
"D_tamminensis_BEC327","D_tamminensis_BEC327_contig953","OLDDAGDC_02799","GT9",792,555.412,332.077241,10
"D_tamminensis_BEC327","D_tamminensis_BEC327_contig973","OLDDAGDC_02852","GH5_4",1764,1527.412,410.560571,34
